node,model,dtype,blocks,first_layer,batch,query_len,past_len,semantic,weight_bytes,pinned_weight_live_bytes,two_weight_slots_bytes,h2d_cuda_p50_ms,h2d_wall_p50_ms,compute_cuda_p50_ms,compute_wall_p50_ms,h2d_GBps,copy_slowdown,compute_slowdown,overlap_speedup,gpu_allocated_peak_bytes,gpu_reserved_peak_bytes,rss_sampled_peak_bytes
A,facebook/opt-125m,float16,1,0,1,16,0,short_prefill_proxy,14175744,14175744,28351488,1.118623971939087,1.1263908818364143,0.12998400628566742,0.13904878869652748,12.672483654562626,1.0057785320883088,1.0224027548071042,1.0739961698366383,47341056,67108864,2269720576
A,facebook/opt-125m,float16,1,0,4,16,0,short_prefill_proxy,14175744,14175744,28351488,1.118623971939087,1.1263908818364143,0.14998400211334229,0.15916582196950912,12.672483654562626,1.0066081623683967,1.051845477154282,1.0968602140597485,48078336,69206016,2269720576
A,facebook/opt-125m,float16,1,0,1,32,0,short_prefill_proxy,14175744,14175744,28351488,1.118623971939087,1.1263908818364143,0.13251200318336487,0.14167814515531063,12.672483654562626,1.005664078277029,1.0123157905390134,1.0769068792233067,47586816,69206016,2269720576
A,facebook/opt-125m,float16,1,0,4,32,0,short_prefill_proxy,14175744,14175744,28351488,1.118623971939087,1.1263908818364143,0.18281599879264832,0.19202055409550667,12.672483654562626,1.0070372043090048,1.0939961726603271,1.1348770677165434,49061376,69206016,2269720576
A,facebook/opt-125m,float16,1,0,1,64,0,short_prefill_proxy,14175744,14175744,28351488,1.118623971939087,1.1263908818364143,0.14035199582576752,0.14923373237252235,12.672483654562626,1.005449557306725,1.0226858592167654,1.089918904661092,48078336,69206016,2269720576
A,facebook/opt-125m,float16,1,0,4,64,0,short_prefill_proxy,14175744,14175744,28351488,1.118623971939087,1.1263908818364143,0.19952000677585602,0.20852359011769295,12.672483654562626,1.0064937085571168,1.0754610625396905,1.1638183451555921,51027456,71303168,2269720576
A,facebook/opt-125m,float16,1,0,1,128,0,short_prefill_proxy,14175744,14175744,28351488,1.118623971939087,1.1263908818364143,0.17321600019931793,0.18264376558363438,12.672483654562626,1.0062934676712743,1.087936430567304,1.123651402597671,88391168,140509184,2270846976
A,facebook/opt-125m,float16,1,0,4,128,0,short_prefill_proxy,14175744,14175744,28351488,1.118623971939087,1.1263908818364143,0.3726080060005188,0.381821533665061,12.672483654562626,1.0088967057550233,1.0482652077759516,1.3178247095960938,63562240,142606336,2270846976
A,facebook/opt-125m,float16,1,0,1,256,0,short_prefill_proxy,14175744,14175744,28351488,1.118623971939087,1.1263908818364143,0.2035519927740097,0.21257903426885605,12.672483654562626,1.0060932267854314,1.0584813790016694,1.1682194007957083,60466688,142606336,2270846976
A,facebook/opt-125m,float16,1,0,4,256,0,short_prefill_proxy,14175744,14175744,28351488,1.118623971939087,1.1263908818364143,0.6042080223560333,0.6136386655271053,12.672483654562626,1.0096690025616766,1.02576594083701,1.5232184147756156,76917248,163577856,2270846976
A,facebook/opt-125m,float16,1,0,1,1,32,decode_real_history,14175744,14175744,28351488,1.118623971939087,1.1263908818364143,0.12227199971675873,0.13130810111761093,12.672483654562626,1.0046056469421756,1.0985344039115061,1.080349884238081,56059392,163577856,2270846976
A,facebook/opt-125m,float16,1,0,4,1,32,decode_real_history,14175744,14175744,28351488,1.118623971939087,1.1263908818364143,0.12572799623012543,0.13480288907885551,12.672483654562626,1.0046343136788929,1.0027997752404958,1.0606273691184276,57391104,163577856,2270846976
A,facebook/opt-125m,float16,1,0,1,1,256,decode_real_history,14175744,14175744,28351488,1.118623971939087,1.1263908818364143,0.12118399888277054,0.13025477528572083,12.672483654562626,1.004348179150693,1.1584367970544924,1.081678933292582,95130624,186646528,2270846976
A,facebook/opt-125m,float16,1,0,4,1,256,decode_real_history,14175744,14175744,28351488,1.118623971939087,1.1263908818364143,0.12515200674533844,0.1342729665338993,12.672483654562626,1.0050204620822196,1.0311940657300338,1.065316749973855,83871744,186646528,2270846976
A,facebook/opt-125m,float16,2,0,1,16,0,short_prefill_proxy,28351488,28351488,56702976,2.2366719245910645,2.2444440983235836,0.24806399643421173,0.2574860118329525,12.675747251212787,1.0053007680613375,1.0248968405854333,1.0748951695123066,103161856,171966464,2270846976
A,facebook/opt-125m,float16,2,0,4,16,0,short_prefill_proxy,28351488,28351488,56702976,2.2366719245910645,2.2444440983235836,0.27798399329185486,0.2873251214623451,12.675747251212787,1.00634518821628,1.0330378838275032,1.0948604798276174,104118784,174063616,2270846976
A,facebook/opt-125m,float16,2,0,1,32,0,short_prefill_proxy,28351488,28351488,56702976,2.2366719245910645,2.2444440983235836,0.2540160119533539,0.2635361161082983,12.675747251212787,1.0054581026345866,1.0045980676876016,1.076786217622588,103479808,174063616,2270846976
A,facebook/opt-125m,float16,2,0,4,32,0,short_prefill_proxy,28351488,28351488,56702976,2.2366719245910645,2.2444440983235836,0.34003201127052307,0.3496878780424595,12.675747251212787,1.0064882390274592,1.0710520833324204,1.1350883743897762,105396736,174063616,2270846976
A,facebook/opt-125m,float16,2,0,1,64,0,short_prefill_proxy,28351488,28351488,56702976,2.2366719245910645,2.2444440983235836,0.2553119957447052,0.26468909345567226,12.675747251212787,1.005801499198084,1.0409225142173044,1.0885562900886243,104118784,174063616,2270846976
A,facebook/opt-125m,float16,2,0,4,64,0,short_prefill_proxy,28351488,28351488,56702976,2.2366719245910645,2.2444440983235836,0.38596799969673157,0.3955874126404524,12.675747251212787,1.007918960329729,1.086100411113111,1.1659506031064883,107952640,176160768,2270846976
A,facebook/opt-125m,float16,2,0,1,128,0,short_prefill_proxy,28351488,28351488,56702976,2.2366719245910645,2.2444440983235836,0.3083840012550354,0.31789904460310936,12.675747251212787,1.0060232705935073,1.0900694843756795,1.1186886666254288,173471232,270532608,2270846976
A,facebook/opt-125m,float16,2,0,4,128,0,short_prefill_proxy,28351488,28351488,56702976,2.2366719245910645,2.2444440983235836,0.7325760126113892,0.7426431402564049,12.675747251212787,1.007926102210764,1.041672138334169,1.3196966205256848,121667072,276824064,2270846976
A,facebook/opt-125m,float16,2,0,1,256,0,short_prefill_proxy,28351488,28351488,56702976,2.2366719245910645,2.2444440983235836,0.38915199041366577,0.3986796364188194,12.675747251212787,1.0080834900816327,1.0971959692364104,1.1802762841935384,117391872,276824064,2270846976
A,facebook/opt-125m,float16,2,0,4,256,0,short_prefill_proxy,28351488,28351488,56702976,2.2366719245910645,2.2444440983235836,1.2009599804878235,1.2108099181205034,12.675747251212787,1.0085484585155846,1.0153343889811608,1.5211438550305865,137381376,297795584,2270846976
A,facebook/opt-125m,float16,2,0,1,1,32,decode_real_history,28351488,28351488,56702976,2.2366719245910645,2.2444440983235836,0.23161600530147552,0.24109706282615662,12.675747251212787,1.0041633435600805,1.074260814191822,1.0806726200748469,112004608,297795584,2270846976
A,facebook/opt-125m,float16,2,0,4,1,32,decode_real_history,28351488,28351488,56702976,2.2366719245910645,2.2444440983235836,0.23731200397014618,0.24664471857249737,12.675747251212787,1.0043135895499145,1.0031688011463706,1.0638906379669937,113935360,297795584,2270846976
A,facebook/opt-125m,float16,2,0,1,1,256,decode_real_history,28351488,28351488,56702976,2.2366719245910645,2.2444440983235836,0.2335679978132248,0.24306681007146835,12.675747251212787,1.0041275808572858,1.0680915281224905,1.0840423336159526,180023296,320864256,2270846976
A,facebook/opt-125m,float16,2,0,4,1,256,decode_real_history,28351488,28351488,56702976,2.2366719245910645,2.2444440983235836,0.23887999355793,0.24842284619808197,12.675747251212787,1.0047642209241765,1.0044206321952547,1.0772739429581617,146433024,320864256,2270846976
A,facebook/opt-125m,float16,4,0,1,16,0,short_prefill_proxy,56702976,56702976,113405952,4.469856023788452,4.47822199203074,0.4720959961414337,0.48165861517190933,12.685638127543326,1.0057881041298682,1.054700729686477,1.0848549115539075,187357184,297795584,2276368384
A,facebook/opt-125m,float16,4,0,4,16,0,short_prefill_proxy,56702976,56702976,113405952,4.469856023788452,4.47822199203074,0.510208010673523,0.5195653066039085,12.685638127543326,1.0062677302860288,1.0730368568681534,1.1037154009083388,188609024,299892736,2278801408
A,facebook/opt-125m,float16,4,0,1,32,0,short_prefill_proxy,56702976,56702976,113405952,4.469856023788452,4.47822199203074,0.4792320132255554,0.4888242110610008,12.685638127543326,1.00600290111951,1.0612312860198758,1.0884133531204283,187773440,299892736,2278801408
A,facebook/opt-125m,float16,4,0,4,32,0,short_prefill_proxy,56702976,56702976,113405952,4.469856023788452,4.47822199203074,0.6381120085716248,0.6481660529971123,12.685638127543326,1.0071268115661804,1.1342961903718407,1.1375969476890038,190280192,301989888,2278801408
A,facebook/opt-125m,float16,4,0,1,64,0,short_prefill_proxy,56702976,56702976,113405952,4.469856023788452,4.47822199203074,0.47417598962783813,0.48377737402915955,12.685638127543326,1.0056448883570377,1.074942683247368,1.0975305672157443,188609024,301989888,2278801408
A,facebook/opt-125m,float16,4,0,4,64,0,short_prefill_proxy,56702976,56702976,113405952,4.469856023788452,4.47822199203074,0.7639999985694885,0.7733977399766445,12.685638127543326,1.0071518809938267,1.067979097493617,1.1703908226766053,193622528,304087040,2278801408
A,facebook/opt-125m,float16,4,0,1,128,0,short_prefill_proxy,56702976,56702976,113405952,4.469856023788452,4.47822199203074,0.5963839888572693,0.6062863394618034,12.685638127543326,1.0066543328638593,1.1361271112169178,1.1264566596274819,319514112,442499072,2278801408
A,facebook/opt-125m,float16,4,0,4,128,0,short_prefill_proxy,56702976,56702976,113405952,4.469856023788452,4.47822199203074,1.4581760168075562,1.468384638428688,12.685638127543326,1.0072736010659307,1.0309866680749868,1.3211896013910156,208909824,450887680,2278801408
A,facebook/opt-125m,float16,4,0,1,256,0,short_prefill_proxy,56702976,56702976,113405952,4.469856023788452,4.47822199203074,0.7694559991359711,0.7793649565428495,12.685638127543326,1.0068799043734684,1.0842153343440495,1.1757528238085775,203061760,450887680,2278801408
A,facebook/opt-125m,float16,4,0,4,256,0,short_prefill_proxy,56702976,56702976,113405952,4.469856023788452,4.47822199203074,2.391200065612793,2.4014231748878956,12.685638127543326,1.007692420525247,1.0063901003248443,1.524397149588961,227769856,492830720,2278801408
A,facebook/opt-125m,float16,4,0,1,1,32,decode_real_history,56702976,56702976,113405952,4.469856023788452,4.47822199203074,0.4329279959201813,0.44248090125620365,12.685638127543326,1.0038622920337628,1.0450513962163204,1.0802207874971415,196304384,492830720,2278801408
A,facebook/opt-125m,float16,4,0,4,1,32,decode_real_history,56702976,56702976,113405952,4.469856023788452,4.47822199203074,0.45558398962020874,0.4651211202144623,12.685638127543326,1.0054086490058771,1.0473063078609592,1.0809721707103834,198843392,492830720,2278801408
A,facebook/opt-125m,float16,4,0,1,1,256,decode_real_history,56702976,56702976,113405952,4.469856023788452,4.47822199203074,0.4334399998188019,0.4427931271493435,12.685638127543326,1.004571063426452,1.0583979133973829,1.0826365626314927,326084608,517996544,2278801408
A,facebook/opt-125m,float16,4,0,4,1,256,decode_real_history,56702976,56702976,113405952,4.469856023788452,4.47822199203074,0.45283201336860657,0.46229828149080276,12.685638127543326,1.0054587878611698,1.0849762884924112,1.090099133024028,236839936,517996544,2278801408
A,facebook/opt-125m,float16,8,0,1,16,0,short_prefill_proxy,113405952,113405952,226811904,8.914719581604004,8.931046817451715,0.9182400107383728,0.9278901852667332,12.72120238465147,1.004820833566455,1.0164139962640641,1.0837457257383858,332023808,465567744,2329538560
A,facebook/opt-125m,float16,8,0,4,16,0,short_prefill_proxy,113405952,113405952,226811904,8.914719581604004,8.931046817451715,1.0033600330352783,1.013060100376606,12.72120238465147,1.0062638529162224,1.046467811853302,1.1022814808967276,333865472,467664896,2329538560
A,facebook/opt-125m,float16,8,0,1,32,0,short_prefill_proxy,113405952,113405952,226811904,8.914719581604004,8.931046817451715,0.9307519793510437,0.9403722360730171,12.72120238465147,1.0053412790506733,1.012583389490406,1.0888577554115215,332636672,467664896,2329538560
A,facebook/opt-125m,float16,8,0,4,32,0,short_prefill_proxy,113405952,113405952,226811904,8.914719581604004,8.931046817451715,1.2559360265731812,1.2659369967877865,12.72120238465147,1.0061632940765173,1.1336883533900208,1.138014122910387,336323072,469762048,2329538560
A,facebook/opt-125m,float16,8,0,1,64,0,short_prefill_proxy,113405952,113405952,226811904,8.914719581604004,8.931046817451715,0.9226720035076141,0.9325540158897638,12.72120238465147,1.0048100288400612,1.0411847517428685,1.096492099644718,333865472,469762048,2329538560
A,facebook/opt-125m,float16,8,0,4,64,0,short_prefill_proxy,113405952,113405952,226811904,8.914719581604004,8.931046817451715,1.5174239873886108,1.5278563369065523,12.72120238465147,1.0059444181339254,1.05256273531266,1.1708223328012886,341238272,476053504,2329538560
A,facebook/opt-125m,float16,8,0,1,128,0,short_prefill_proxy,113405952,113405952,226811904,8.914719581604004,8.931046817451715,1.1701120138168335,1.1805519461631775,12.72120238465147,1.0056500160840656,1.1309960225603888,1.1278577092889817,586040832,744488960,2329538560
A,facebook/opt-125m,float16,8,0,4,128,0,short_prefill_proxy,113405952,113405952,226811904,8.914719581604004,8.931046817451715,2.91484797000885,2.925281412899494,12.72120238465147,1.0060053953026826,1.0172029817209296,1.3230968468755389,359671296,757071872,2329538560
A,facebook/opt-125m,float16,8,0,1,256,0,short_prefill_proxy,113405952,113405952,226811904,8.914719581604004,8.931046817451715,1.5260800123214722,1.5365325380116701,12.72120238465147,1.0052264922049248,1.075529420458413,1.1763147763147763,350677504,757071872,2329538560
A,facebook/opt-125m,float16,8,0,4,256,0,short_prefill_proxy,113405952,113405952,226811904,8.914719581604004,8.931046817451715,4.771023988723755,4.782072035595775,12.72120238465147,1.0065438130050608,1.0046782477247032,1.525618360784273,384822784,799014912,2329538560
A,facebook/opt-125m,float16,8,0,1,1,32,decode_real_history,113405952,113405952,226811904,8.914719581604004,8.931046817451715,0.8578560054302216,0.8675060234963894,12.72120238465147,1.004436784380773,1.0393912135301908,1.0890789723011995,341179904,799014912,2329538560
A,facebook/opt-125m,float16,8,0,4,1,32,decode_real_history,113405952,113405952,226811904,8.914719581604004,8.931046817451715,0.8903840184211731,0.9001039434224367,12.72120238465147,1.004601850646374,1.0040432007545772,1.0804024515164983,344935424,799014912,2329538560
A,facebook/opt-125m,float16,8,0,1,1,256,decode_real_history,113405952,113405952,226811904,8.914719581604004,8.931046817451715,0.8640639781951904,0.8736676536500454,12.72120238465147,1.0044331471461454,1.0399229804972039,1.0907534515951829,592648192,826277888,2329538560
A,facebook/opt-125m,float16,8,0,4,1,256,decode_real_history,113405952,113405952,226811904,8.914719581604004,8.931046817451715,0.881600022315979,0.891334842890501,12.72120238465147,1.0046629347926204,1.0534663656325685,1.089706660352482,394441728,826277888,2329538560
B,facebook/opt-125m,float16,1,0,1,16,0,short_prefill_proxy,14175744,14175744,28351488,0.6008639931678772,0.6084890337660909,0.12212799862027168,0.13069109991192818,23.592267403580955,1.0063375765376346,1.0546312571711032,1.129234439928103,46947840,81788928,1921765376
B,facebook/opt-125m,float16,1,0,4,16,0,short_prefill_proxy,14175744,14175744,28351488,0.6008639931678772,0.6084890337660909,0.14326399564743042,0.15196565072983503,23.592267403580955,1.0069233420875772,1.0660040310854142,1.1691953038426914,47685120,83886080,1921765376
B,facebook/opt-125m,float16,1,0,1,32,0,short_prefill_proxy,14175744,14175744,28351488,0.6008639931678772,0.6084890337660909,0.12425599992275238,0.13278191909193993,23.592267403580955,1.0066570940374424,1.069662652801481,1.1447103677687005,47193600,83886080,1921765376
B,facebook/opt-125m,float16,1,0,4,32,0,short_prefill_proxy,14175744,14175744,28351488,0.6008639931678772,0.6084890337660909,0.17238399386405945,0.18092896789312363,23.592267403580955,1.0069233420875772,1.0729534025777254,1.244501080618195,48668160,83886080,1921765376
B,facebook/opt-125m,float16,1,0,1,64,0,short_prefill_proxy,14175744,14175744,28351488,0.6008639931678772,0.6084890337660909,0.13315199315547943,0.14178396668285131,23.592267403580955,1.0062310376382886,1.076303826491529,1.1662957154727378,47685120,83886080,1921765376
B,facebook/opt-125m,float16,1,0,4,64,0,short_prefill_proxy,14175744,14175744,28351488,0.6008639931678772,0.6084890337660909,0.19622400403022766,0.20452099852263927,23.592267403580955,1.007296129037058,1.0437051054914162,1.3076723748980696,50634240,85983232,1921765376
B,facebook/opt-125m,float16,1,0,1,128,0,short_prefill_proxy,14175744,14175744,28351488,0.6008639931678772,0.6084890337660909,0.16313600540161133,0.17164647579193115,23.592267403580955,1.0070298809869231,1.091604560228691,1.2315231331666538,87997952,134217728,1925156864
B,facebook/opt-125m,float16,1,0,4,128,0,short_prefill_proxy,14175744,14175744,28351488,0.6008639931678772,0.6084890337660909,0.36473599076271057,0.373312970623374,23.592267403580955,1.0084145890837308,1.036497664870778,1.5834667044842705,63169024,136314880,1925156864
B,facebook/opt-125m,float16,1,0,1,256,0,short_prefill_proxy,14175744,14175744,28351488,0.6008639931678772,0.6084890337660909,0.19582399725914001,0.2044035354629159,23.592267403580955,1.0066038245877693,1.0462456186595073,1.3140978577942473,60073472,136314880,1925156864
B,facebook/opt-125m,float16,1,0,4,256,0,short_prefill_proxy,14175744,14175744,28351488,0.6008639931678772,0.6084890337660909,0.5960959792137146,0.604904955253005,23.592267403580955,1.0109176580289807,1.007086111144164,1.8255760864598183,76655104,157286400,1925156864
B,facebook/opt-125m,float16,1,0,1,1,32,decode_real_history,14175744,14175744,28351488,0.6008639931678772,0.6084890337660909,0.11379200220108032,0.12243096716701984,23.592267403580955,1.004793060091808,1.121203603453541,1.1545334566767504,55666176,157286400,1925156864
B,facebook/opt-125m,float16,1,0,4,1,32,decode_real_history,14175744,14175744,28351488,0.6008639931678772,0.6084890337660909,0.11740799993276596,0.126164173707366,23.592267403580955,1.0053256553903078,1.0367947933255215,1.1065590212141816,56997888,157286400,1925156864
B,facebook/opt-125m,float16,1,0,1,1,256,decode_real_history,14175744,14175744,28351488,0.6008639931678772,0.6084890337660909,0.11481600254774094,0.12349197641015053,23.592267403580955,1.0054321942896538,1.1078595719770805,1.1542433109624246,94737408,180355072,1925156864
B,facebook/opt-125m,float16,1,0,4,1,256,decode_real_history,14175744,14175744,28351488,0.6008639931678772,0.6084890337660909,0.11769600212574005,0.12637488543987274,23.592267403580955,1.0058049812391348,1.0315388661945484,1.117556316135108,83609600,180355072,1925156864
B,facebook/opt-125m,float16,2,0,1,16,0,short_prefill_proxy,28351488,28351488,56702976,1.200879991054535,1.2082754401490092,0.2327679991722107,0.24169497191905975,23.60892696288791,1.0068882754881356,1.047429209113287,1.1408818750248295,102768640,165675008,1925156864
B,facebook/opt-125m,float16,2,0,4,16,0,short_prefill_proxy,28351488,28351488,56702976,1.200879991054535,1.2082754401490092,0.26311999559402466,0.271943979896605,23.60892696288791,1.0077942970671734,1.05247800334404,1.1792292410812266,103725568,167772160,1925156864
B,facebook/opt-125m,float16,2,0,1,32,0,short_prefill_proxy,28351488,28351488,56702976,1.200879991054535,1.2082754401490092,0.23660799860954285,0.24543190374970436,23.60892696288791,1.0073945437091383,1.041520184470895,1.142851568320007,103086592,167772160,1925156864
B,facebook/opt-125m,float16,2,0,4,32,0,short_prefill_proxy,28351488,28351488,56702976,1.200879991054535,1.2082754401490092,0.31916800141334534,0.32812519930303097,23.60892696288791,1.0078209009658456,1.0713855855655647,1.2490596522277448,105003520,167772160,1925156864
B,facebook/opt-125m,float16,2,0,1,64,0,short_prefill_proxy,28351488,28351488,56702976,1.200879991054535,1.2082754401490092,0.23999999463558197,0.24882995057851076,23.60892696288791,1.0072613256792196,1.0602666922966646,1.1662221057466875,103725568,167772160,1925156864
B,facebook/opt-125m,float16,2,0,4,64,0,short_prefill_proxy,28351488,28351488,56702976,1.200879991054535,1.2082754401490092,0.3829439878463745,0.39171241223812103,23.60892696288791,1.0084604864850457,1.0268238342630216,1.3028319608298573,107559424,169869312,1925156864
B,facebook/opt-125m,float16,2,0,1,128,0,short_prefill_proxy,28351488,28351488,56702976,1.200879991054535,1.2082754401490092,0.29900801181793213,0.3081334289163351,23.60892696288791,1.007367939810466,1.0402397318301404,1.217682126779383,173078016,264241152,1925156864
B,facebook/opt-125m,float16,2,0,4,128,0,short_prefill_proxy,28351488,28351488,56702976,1.200879991054535,1.2082754401490092,0.7259680032730103,0.7349173538386822,23.60892696288791,1.0090999727359673,1.0282767537715558,1.5931898486642757,121273856,270532608,1925156864
B,facebook/opt-125m,float16,2,0,1,256,0,short_prefill_proxy,28351488,28351488,56702976,1.200879991054535,1.2082754401490092,0.38176000118255615,0.39084884338080883,23.60892696288791,1.0082472582225528,1.0494551801988174,1.313401245597749,116998656,270532608,1925156864
B,facebook/opt-125m,float16,2,0,4,256,0,short_prefill_proxy,28351488,28351488,56702976,1.200879991054535,1.2082754401490092,1.1951040029525757,1.2044610921293497,23.60892696288791,1.0098993801837586,1.0038824932103998,1.866303072095253,136988160,291504128,1925156864
B,facebook/opt-125m,float16,2,0,1,1,32,decode_real_history,28351488,28351488,56702976,1.200879991054535,1.2082754401490092,0.21622399985790253,0.22488483227789402,23.60892696288791,1.003930477858136,1.0549800086792043,1.1523238851047988,111611392,291504128,1925156864
B,facebook/opt-125m,float16,2,0,4,1,32,decode_real_history,28351488,28351488,56702976,1.200879991054535,1.2082754401490092,0.22182400524616241,0.23080105893313885,23.60892696288791,1.0059023429448024,1.0255337151997632,1.1271887799988163,113542144,291504128,1925156864
B,facebook/opt-125m,float16,2,0,1,1,256,decode_real_history,28351488,28351488,56702976,1.200879991054535,1.2082754401490092,0.2189760059118271,0.22784085012972355,23.60892696288791,1.0040103888224314,1.0634224803951704,1.1564358393439413,179630080,314572800,1925156864
B,facebook/opt-125m,float16,2,0,4,1,256,decode_real_history,28351488,28351488,56702976,1.200879991054535,1.2082754401490092,0.22144000232219696,0.23033004254102707,23.60892696288791,1.0061421751059676,1.0297687433208391,1.1460204917796875,146433024,314572800,1925156864
B,facebook/opt-125m,float16,4,0,1,16,0,short_prefill_proxy,56702976,56702976,113405952,2.4007039070129395,2.4087659548968077,0.45983999967575073,0.46920101158320904,23.61931258342988,1.0063915182830314,1.0351078798185573,1.1591365368526394,186963968,291504128,1933553664
B,facebook/opt-125m,float16,4,0,4,16,0,short_prefill_proxy,56702976,56702976,113405952,2.4007039070129395,2.4087659548968077,0.49724799394607544,0.5062709096819162,23.61931258342988,1.0069713014294366,1.0737499126454295,1.1910524859176723,188215808,293601280,1933553664
B,facebook/opt-125m,float16,4,0,1,32,0,short_prefill_proxy,56702976,56702976,113405952,2.4007039070129395,2.4087659548968077,0.46326398849487305,0.4724077880382538,23.61931258342988,1.00659143323228,1.0434482545662276,1.1659053876001493,187380224,293601280,1935986688
B,facebook/opt-125m,float16,4,0,4,32,0,short_prefill_proxy,56702976,56702976,113405952,2.4007039070129395,2.4087659548968077,0.6273919939994812,0.6366469897329807,23.61931258342988,1.0077311371356965,1.101754568805624,1.2541321658483617,189886976,295698432,1935986688
B,facebook/opt-125m,float16,4,0,1,64,0,short_prefill_proxy,56702976,56702976,113405952,2.4007039070129395,2.4087659548968077,0.45814400911331177,0.4672874929383397,23.61931258342988,1.0063915182830314,1.084025954477146,1.179096011096634,188215808,295698432,1935986688
B,facebook/opt-125m,float16,4,0,4,64,0,short_prefill_proxy,56702976,56702976,113405952,2.4007039070129395,2.4087659548968077,0.7574719786643982,0.7665511220693588,23.61931258342988,1.0077177300228557,1.0331840971915063,1.3065510278854098,193229312,297795584,1935986688
B,facebook/opt-125m,float16,4,0,1,128,0,short_prefill_proxy,56702976,56702976,113405952,2.4007039070129395,2.4087659548968077,0.5882880091667175,0.5974110681563616,23.61931258342988,1.007184623491526,1.1059888539170109,1.235758379087451,320038400,436207616,1935986688
B,facebook/opt-125m,float16,4,0,4,128,0,short_prefill_proxy,56702976,56702976,113405952,2.4007039070129395,2.4087659548968077,1.4501760005950928,1.4597440604120493,23.61931258342988,1.007771060538378,1.021437394194045,1.5965145991740544,208516608,444596224,1935986688
B,facebook/opt-125m,float16,4,0,1,256,0,short_prefill_proxy,56702976,56702976,113405952,2.4007039070129395,2.4087659548968077,0.7544959783554077,0.7639465620741248,23.61931258342988,1.0071512546773445,1.0532275869936205,1.3143916513277696,202668544,444596224,1935986688
B,facebook/opt-125m,float16,4,0,4,256,0,short_prefill_proxy,56702976,56702976,113405952,2.4007039070129395,2.4087659548968077,2.3802878856658936,2.390062902122736,23.61931258342988,1.0077844676512189,1.0014116078376538,1.8982758831766768,227507712,486539264,1935986688
B,facebook/opt-125m,float16,4,0,1,1,32,decode_real_history,56702976,56702976,113405952,2.4007039070129395,2.4087659548968077,0.4193280041217804,0.4281757865101099,23.61931258342988,1.003419012398302,1.0322801987418475,1.1535156865797596,195911168,486539264,1935986688
B,facebook/opt-125m,float16,4,0,4,1,32,decode_real_history,56702976,56702976,113405952,2.4007039070129395,2.4087659548968077,0.441536009311676,0.45084115117788315,23.61931258342988,1.005884977697516,1.0422887126919191,1.1516959381945815,198450176,486539264,1935986688
B,facebook/opt-125m,float16,4,0,1,1,256,decode_real_history,56702976,56702976,113405952,2.4007039070129395,2.4087659548968077,0.4196639955043793,0.42862759437412024,23.61931258342988,1.0037056266772546,1.0429296072949732,1.156077092428657,326608896,511705088,1935986688
B,facebook/opt-125m,float16,4,0,4,1,256,decode_real_history,56702976,56702976,113405952,2.4007039070129395,2.4087659548968077,0.4390079975128174,0.44808152597397566,23.61931258342988,1.0062248728360175,1.0840804596452678,1.1678223160919918,236577792,511705088,1935986688
B,facebook/opt-125m,float16,8,0,1,16,0,short_prefill_proxy,113405952,113405952,226811904,4.799391984939575,4.807563032954931,0.8891519904136658,0.8984960149973631,23.629233110332788,1.006194154239304,1.0343338476064514,1.1575334921779978,332548096,459276288,1987874816
B,facebook/opt-125m,float16,8,0,4,16,0,short_prefill_proxy,113405952,113405952,226811904,4.799391984939575,4.807563032954931,0.9704799950122833,0.9802639251574874,23.629233110332788,1.0067475541240238,1.059170759772208,1.1909168649181991,334389760,461373440,1987874816
B,facebook/opt-125m,float16,8,0,1,32,0,short_prefill_proxy,113405952,113405952,226811904,4.799391984939575,4.807563032954931,0.9023360013961792,0.9118379093706608,23.629233110332788,1.0063075167650608,1.0262075585688217,1.1649114870593158,333160960,461373440,1987874816
B,facebook/opt-125m,float16,8,0,4,32,0,short_prefill_proxy,113405952,113405952,226811904,4.799391984939575,4.807563032954931,1.2246879935264587,1.2343114940449595,23.629233110332788,1.0072409443982644,1.113700758583248,1.2555665716000168,336847360,463470592,1987874816
B,facebook/opt-125m,float16,8,0,1,64,0,short_prefill_proxy,113405952,113405952,226811904,4.799391984939575,4.807563032954931,0.8889600038528442,0.89834607206285,23.629233110332788,1.006234094410517,1.082433378922769,1.1794907269464674,334389760,463470592,1991389184
B,facebook/opt-125m,float16,8,0,4,64,0,short_prefill_proxy,113405952,113405952,226811904,4.799391984939575,4.807563032954931,1.5047999620437622,1.5146629884839058,23.629233110332788,1.0074075604856387,1.0305156934739963,1.3066173849266227,341762560,469762048,1994903552
B,facebook/opt-125m,float16,8,0,1,128,0,short_prefill_proxy,113405952,113405952,226811904,4.799391984939575,4.807563032954931,1.15065598487854,1.1602789163589478,23.629233110332788,1.006780837600035,1.1089883119248451,1.2378437844433483,584730112,759169024,1994903552
B,facebook/opt-125m,float16,8,0,4,128,0,short_prefill_proxy,113405952,113405952,226811904,4.799391984939575,4.807563032954931,2.8942240476608276,2.9043330578133464,23.629233110332788,1.0074942962305868,1.0171320638238481,1.5974546329746868,360195584,771751936,1994903552
B,facebook/opt-125m,float16,8,0,1,256,0,short_prefill_proxy,113405952,113405952,226811904,4.799391984939575,4.807563032954931,1.4984480142593384,1.5079454751685262,23.629233110332788,1.0066674750742781,1.0551077085540823,1.3148910319354143,351201792,771751936,1994903552
B,facebook/opt-125m,float16,8,0,4,256,0,short_prefill_proxy,113405952,113405952,226811904,4.799391984939575,4.807563032954931,4.747951984405518,4.757821559906006,23.629233110332788,1.007424301577304,1.003912454303062,1.9074362912349452,385347072,813694976,1994903552
B,facebook/opt-125m,float16,8,0,1,1,32,decode_real_history,113405952,113405952,226811904,4.799391984939575,4.807563032954931,0.825872004032135,0.835354090668261,23.629233110332788,1.0057007639650635,1.0598833718622331,1.167035649960223,341704192,813694976,1994903552
B,facebook/opt-125m,float16,8,0,4,1,32,decode_real_history,113405952,113405952,226811904,4.799391984939575,4.807563032954931,0.8514559864997864,0.8606039918959141,23.629233110332788,1.0057340474410745,1.0305171255481513,1.1509696807379342,345459712,813694976,1994903552
B,facebook/opt-125m,float16,8,0,1,1,256,decode_real_history,113405952,113405952,226811904,4.799391984939575,4.807563032954931,0.8462079763412476,0.8556266548112035,23.629233110332788,1.0057007639650635,1.0526774151240537,1.170804576037476,591337472,840957952,1994903552
B,facebook/opt-125m,float16,8,0,4,1,256,decode_real_history,113405952,113405952,226811904,4.799391984939575,4.807563032954931,0.8511040210723877,0.860569067299366,23.629233110332788,1.0059340463581197,1.0831672404167305,1.1676963268932312,394947584,840957952,1994903552
