run,direction,case,model,batch,q,hidden,mode,bytes,dtype,sample,phase,e2e_ack_ms,d2h_cuda_ms,d2h_host_ms,h2d_cuda_ms,h2d_host_ms,network_host_ack_residual_ms,receiver_receive_host_ms,correct,sender_origin,receiver_origin,sender_completion_relative_ms,receiver_staging_start_relative_ms,receiver_completion_relative_ms
experiments/inferrelay_two_node/results/t1-pilot-03,B-A,0,opt-125m,1,1,768,cpu,1536,float16,0,first_transfer,0.37523698806762695,0.0,0.0,0.0,0.0,0.37523698806762695,0.31493711471557617,True,local before background launch and D2H,local after ready ACK,0.37523698806762695,0.37728309631347656,0.3778848648071289
experiments/inferrelay_two_node/results/t1-pilot-03,B-A,0,opt-125m,1,1,768,cpu,1536,float16,1,warmup,0.273601770401001,0.0,0.0,0.0,0.0,0.273601770401001,0.34615135192871094,True,local before background launch and D2H,local after ready ACK,0.273601770401001,0.3747239112854004,0.3754281997680664
experiments/inferrelay_two_node/results/t1-pilot-03,B-A,0,opt-125m,1,1,768,cpu,1536,float16,2,warmup,0.18791508674621582,0.0,0.0,0.0,0.0,0.18791508674621582,0.1666398048400879,True,local before background launch and D2H,local after ready ACK,0.18791508674621582,0.1924457550048828,0.19312000274658203
experiments/inferrelay_two_node/results/t1-pilot-03,B-A,0,opt-125m,1,1,768,cpu,1536,float16,3,warmup,0.18074393272399902,0.0,0.0,0.0,0.0,0.18074393272399902,0.15048980712890625,True,local before background launch and D2H,local after ready ACK,0.18074393272399902,0.17612791061401367,0.1767873764038086
experiments/inferrelay_two_node/results/t1-pilot-03,B-A,0,opt-125m,1,1,768,cpu,1536,float16,4,steady,0.2221848964691162,0.0,0.0,0.0,0.0,0.2221848964691162,0.07501506805419922,True,local before background launch and D2H,local after ready ACK,0.2221848964691162,0.17648553848266602,0.1785750389099121
experiments/inferrelay_two_node/results/t1-pilot-03,B-A,0,opt-125m,1,1,768,cpu,1536,float16,5,steady,0.18535590171813965,0.0,0.0,0.0,0.0,0.18535590171813965,0.04448413848876953,True,local before background launch and D2H,local after ready ACK,0.18535590171813965,0.1454172134399414,0.1470503807067871
experiments/inferrelay_two_node/results/t1-pilot-03,B-A,0,opt-125m,1,1,768,cpu,1536,float16,6,steady,0.16717815399169922,0.0,0.0,0.0,0.0,0.16717815399169922,0.09330224990844727,True,local before background launch and D2H,local after ready ACK,0.16717815399169922,0.14247989654541016,0.14376401901245117
experiments/inferrelay_two_node/results/t1-pilot-03,B-A,1,opt-125m,1,1,768,gpu,1536,float16,0,first_transfer,0.5918738842010498,0.047680001705884933,0.11943793296813965,0.011136000044643879,0.04366493225097656,0.4287710189819336,0.6023526191711426,True,local before background launch and D2H,local after ready ACK,0.5918738842010498,0.6240382194519043,0.6727137565612793
experiments/inferrelay_two_node/results/t1-pilot-03,B-A,1,opt-125m,1,1,768,gpu,1536,float16,1,warmup,0.5463287830352783,0.04076800122857094,0.09476995468139648,0.01648000068962574,0.05435800552368164,0.3972008228302002,0.4582958221435547,True,local before background launch and D2H,local after ready ACK,0.5463287830352783,0.48372888565063477,0.5459856986999512
experiments/inferrelay_two_node/results/t1-pilot-03,B-A,1,opt-125m,1,1,768,gpu,1536,float16,2,warmup,0.499251127243042,0.03779200091958046,0.08803081512451172,0.016224000602960587,0.053227901458740234,0.35799241065979004,0.4052257537841797,True,local before background launch and D2H,local after ready ACK,0.499251127243042,0.4165635108947754,0.4775733947753906
experiments/inferrelay_two_node/results/t1-pilot-03,B-A,1,opt-125m,1,1,768,gpu,1536,float16,3,warmup,0.40363287925720215,0.03763199970126152,0.08864617347717285,0.009247999638319016,0.026914119720458984,0.2880725860595703,0.3557438850402832,True,local before background launch and D2H,local after ready ACK,0.40363287925720215,0.36655521392822266,0.39699697494506836
experiments/inferrelay_two_node/results/t1-pilot-03,B-A,1,opt-125m,1,1,768,gpu,1536,float16,4,steady,0.5868690013885498,0.05846399813890457,0.15072894096374512,0.008191999979317188,0.024236679077148438,0.41190338134765625,0.5493087768554688,True,local before background launch and D2H,local after ready ACK,0.5868690013885498,0.557640552520752,0.584907054901123
experiments/inferrelay_two_node/results/t1-pilot-03,B-A,1,opt-125m,1,1,768,gpu,1536,float16,5,steady,0.2849299907684326,0.03516799956560135,0.08115506172180176,0.006976000033318996,0.022705078125,0.18106985092163086,0.24666833877563477,True,local before background launch and D2H,local after ready ACK,0.2849299907684326,0.254730224609375,0.28036928176879883
experiments/inferrelay_two_node/results/t1-pilot-03,B-A,1,opt-125m,1,1,768,gpu,1536,float16,6,steady,0.21340608596801758,0.018112000077962875,0.05082821846008301,0.007327999919652939,0.02296590805053711,0.13961195945739746,0.1778087615966797,True,local before background launch and D2H,local after ready ACK,0.21340608596801758,0.18538570404052734,0.2113966941833496
experiments/inferrelay_two_node/results/t1-pilot-03,B-A,2,opt-125m,1,1,768,gpu_h2d,1536,float16,0,first_transfer,1.3157320022583008,0.018239999189972878,0.04694223403930664,0.607807993888855,0.7572779655456543,0.5115118026733398,0.5965642929077148,True,local before background launch and D2H,local after ready ACK,1.3157320022583008,0.656282901763916,1.4246459007263184
experiments/inferrelay_two_node/results/t1-pilot-03,B-A,2,opt-125m,1,1,768,gpu_h2d,1536,float16,1,warmup,1.351494312286377,0.015647999942302704,0.039157867431640625,0.0014400000218302011,0.9506731033325195,0.3616633415222168,0.39418458938598633,True,local before background launch and D2H,local after ready ACK,1.351494312286377,0.4260730743408203,1.387876033782959
experiments/inferrelay_two_node/results/t1-pilot-03,B-A,2,opt-125m,1,1,768,gpu_h2d,1536,float16,2,warmup,1.3773927688598633,0.02396799996495247,0.0479121208190918,0.001567999948747456,0.9740867614746094,0.3553938865661621,0.373018741607666,True,local before background launch and D2H,local after ready ACK,1.3773927688598633,0.40479516983032227,1.390078067779541
experiments/inferrelay_two_node/results/t1-pilot-03,B-A,2,opt-125m,1,1,768,gpu_h2d,1536,float16,3,warmup,1.3091239929199219,0.027135999873280525,0.050282955169677734,0.0014400000218302011,0.7557859420776367,0.5030550956726074,0.5229172706604004,True,local before background launch and D2H,local after ready ACK,1.3091239929199219,0.5551018714904785,1.322047233581543
experiments/inferrelay_two_node/results/t1-pilot-03,B-A,2,opt-125m,1,1,768,gpu_h2d,1536,float16,4,steady,1.3325819969177246,0.025536000728607178,0.048596858978271484,0.0014400000218302011,0.8452863693237305,0.43869876861572266,0.3846273422241211,True,local before background launch and D2H,local after ready ACK,1.3325819969177246,0.41992664337158203,1.2754640579223633
experiments/inferrelay_two_node/results/t1-pilot-03,B-A,2,opt-125m,1,1,768,gpu_h2d,1536,float16,5,steady,1.3297688961029053,0.1443520039319992,0.1730642318725586,0.0014400000218302011,0.8103804588317871,0.34632420539855957,0.5120387077331543,True,local before background launch and D2H,local after ready ACK,1.3297688961029053,0.542788028717041,1.363053798675537
experiments/inferrelay_two_node/results/t1-pilot-03,B-A,2,opt-125m,1,1,768,gpu_h2d,1536,float16,6,steady,1.2399892807006836,0.13808000087738037,0.16719937324523926,0.001408000010997057,0.7892160415649414,0.28357386589050293,0.4670262336730957,True,local before background launch and D2H,local after ready ACK,1.2399892807006836,0.4973769187927246,1.2960028648376465
experiments/inferrelay_two_node/results/t1-pilot-03,B-A,3,opt-125m,1,1,768,gpu_compute,1536,float16,0,first_transfer,0.6538991928100586,0.018592000007629395,0.16298484802246094,0.016256000846624374,0.08083295822143555,0.4100813865661621,0.6068148612976074,True,local before background launch and D2H,local after ready ACK,0.6538991928100586,0.6624908447265625,0.7521152496337891
experiments/inferrelay_two_node/results/t1-pilot-03,B-A,3,opt-125m,1,1,768,gpu_compute,1536,float16,1,warmup,0.3163418769836426,0.021215999498963356,0.04439496994018555,0.011744000017642975,0.03644514083862305,0.23550176620483398,0.28116941452026367,True,local before background launch and D2H,local after ready ACK,0.3163418769836426,0.30660581588745117,0.3476681709289551
experiments/inferrelay_two_node/results/t1-pilot-03,B-A,3,opt-125m,1,1,768,gpu_compute,1536,float16,2,warmup,0.19210195541381836,0.009375999681651592,0.027321815490722656,0.015904000028967857,0.0394740104675293,0.1253061294555664,0.12783002853393555,True,local before background launch and D2H,local after ready ACK,0.19210195541381836,0.14082050323486328,0.1847372055053711
experiments/inferrelay_two_node/results/t1-pilot-03,B-A,3,opt-125m,1,1,768,gpu_compute,1536,float16,3,warmup,0.18292498588562012,0.008352000266313553,0.025619983673095703,0.013151999562978745,0.034422874450683594,0.12288212776184082,0.12421131134033203,True,local before background launch and D2H,local after ready ACK,0.18292498588562012,0.13684892654418945,0.17554235458374023
experiments/inferrelay_two_node/results/t1-pilot-03,B-A,3,opt-125m,1,1,768,gpu_compute,1536,float16,4,steady,0.19170713424682617,0.007455999962985516,0.02445197105407715,0.011839999817311764,0.033397674560546875,0.13385748863220215,0.11831283569335938,True,local before background launch and D2H,local after ready ACK,0.19170713424682617,0.13134431838989258,0.17970705032348633
experiments/inferrelay_two_node/results/t1-pilot-03,B-A,3,opt-125m,1,1,768,gpu_compute,1536,float16,5,steady,0.25611305236816406,0.038015998899936676,0.061409950256347656,0.014271999709308147,0.03580522537231445,0.15889787673950195,0.19076108932495117,True,local before background launch and D2H,local after ready ACK,0.25611305236816406,0.2037029266357422,0.24880123138427734
experiments/inferrelay_two_node/results/t1-pilot-03,B-A,3,opt-125m,1,1,768,gpu_compute,1536,float16,6,steady,0.2447199821472168,0.03798399865627289,0.05835294723510742,0.010784000158309937,0.03461790084838867,0.1517491340637207,0.18379878997802734,True,local before background launch and D2H,local after ready ACK,0.2447199821472168,0.19646501541137695,0.23506927490234375
experiments/inferrelay_two_node/results/t1-pilot-03,B-A,4,opt-125m,1,32,768,cpu,49152,float16,0,first_transfer,0.77059006690979,0.0,0.0,0.0,0.0,0.77059006690979,0.738856315612793,True,local before background launch and D2H,local after ready ACK,0.77059006690979,0.766791820526123,0.7673249244689941
experiments/inferrelay_two_node/results/t1-pilot-03,B-A,4,opt-125m,1,32,768,cpu,49152,float16,1,warmup,0.36854076385498047,0.0,0.0,0.0,0.0,0.36854076385498047,0.3259162902832031,True,local before background launch and D2H,local after ready ACK,0.36854076385498047,0.3511204719543457,0.35172033309936523
experiments/inferrelay_two_node/results/t1-pilot-03,B-A,4,opt-125m,1,32,768,cpu,49152,float16,2,warmup,0.29747986793518066,0.0,0.0,0.0,0.0,0.29747986793518066,0.32811594009399414,True,local before background launch and D2H,local after ready ACK,0.29747986793518066,0.3514976501464844,0.35176801681518555
experiments/inferrelay_two_node/results/t1-pilot-03,B-A,4,opt-125m,1,32,768,cpu,49152,float16,3,warmup,0.2944660186767578,0.0,0.0,0.0,0.0,0.2944660186767578,0.35094356536865234,True,local before background launch and D2H,local after ready ACK,0.2944660186767578,0.36037206649780273,0.3605937957763672
experiments/inferrelay_two_node/results/t1-pilot-03,B-A,4,opt-125m,1,32,768,cpu,49152,float16,4,steady,0.27515506744384766,0.0,0.0,0.0,0.0,0.27515506744384766,0.27850961685180664,True,local before background launch and D2H,local after ready ACK,0.27515506744384766,0.28633785247802734,0.2865629196166992
experiments/inferrelay_two_node/results/t1-pilot-03,B-A,4,opt-125m,1,32,768,cpu,49152,float16,5,steady,0.2742421627044678,0.0,0.0,0.0,0.0,0.2742421627044678,0.26865100860595703,True,local before background launch and D2H,local after ready ACK,0.2742421627044678,0.2761988639831543,0.2763948440551758
experiments/inferrelay_two_node/results/t1-pilot-03,B-A,4,opt-125m,1,32,768,cpu,49152,float16,6,steady,0.2709929943084717,0.0,0.0,0.0,0.0,0.2709929943084717,0.2716813087463379,True,local before background launch and D2H,local after ready ACK,0.2709929943084717,0.27891969680786133,0.2790985107421875
experiments/inferrelay_two_node/results/t1-pilot-03,B-A,5,opt-125m,1,32,768,gpu,49152,float16,0,first_transfer,0.49309396743774414,0.01724799908697605,0.048645973205566406,0.019648000597953796,0.0553278923034668,0.38912010192871094,0.46120691299438477,True,local before background launch and D2H,local after ready ACK,0.49309396743774414,0.48612260818481445,0.5466594696044922
experiments/inferrelay_two_node/results/t1-pilot-03,B-A,5,opt-125m,1,32,768,gpu,49152,float16,1,warmup,0.35915398597717285,0.009920000098645687,0.028741121292114258,0.010463999584317207,0.02921009063720703,0.30120277404785156,0.3095560073852539,True,local before background launch and D2H,local after ready ACK,0.35915398597717285,0.3196229934692383,0.3523550033569336
experiments/inferrelay_two_node/results/t1-pilot-03,B-A,5,opt-125m,1,32,768,gpu,49152,float16,2,warmup,0.3455686569213867,0.009119999594986439,0.026495695114135742,0.010400000028312206,0.027690887451171875,0.2913820743560791,0.29862451553344727,True,local before background launch and D2H,local after ready ACK,0.3455686569213867,0.3074641227722168,0.33832740783691406
experiments/inferrelay_two_node/results/t1-pilot-03,B-A,5,opt-125m,1,32,768,gpu,49152,float16,3,warmup,0.33930301666259766,0.008767999708652496,0.023495912551879883,0.009184000082314014,0.025888919830322266,0.2899181842803955,0.2941923141479492,True,local before background launch and D2H,local after ready ACK,0.33930301666259766,0.3045921325683594,0.3336911201477051
experiments/inferrelay_two_node/results/t1-pilot-03,B-A,5,opt-125m,1,32,768,gpu,49152,float16,4,steady,0.3430349826812744,0.007584000006318092,0.023233890533447266,0.008031999692320824,0.024425983428955078,0.29537510871887207,0.3082900047302246,True,local before background launch and D2H,local after ready ACK,0.3430349826812744,0.31586503982543945,0.3435831069946289
experiments/inferrelay_two_node/results/t1-pilot-03,B-A,5,opt-125m,1,32,768,gpu,49152,float16,5,steady,0.33301401138305664,0.007104000076651573,0.02279496192932129,0.00863999966531992,0.02450084686279297,0.2857182025909424,0.29381370544433594,True,local before background launch and D2H,local after ready ACK,0.33301401138305664,0.30137109756469727,0.32890796661376953
experiments/inferrelay_two_node/results/t1-pilot-03,B-A,5,opt-125m,1,32,768,gpu,49152,float16,6,steady,0.33753204345703125,0.007552000228315592,0.02335500717163086,0.008448000065982342,0.024448871612548828,0.28972816467285156,0.2988591194152832,True,local before background launch and D2H,local after ready ACK,0.33753204345703125,0.3068122863769531,0.334531307220459
experiments/inferrelay_two_node/results/t1-pilot-03,B-A,6,opt-125m,1,32,768,gpu_h2d,49152,float16,0,first_transfer,1.34761381149292,0.0958079993724823,0.1401538848876953,0.5916799902915955,0.7539792060852051,0.45348072052001953,0.6549830436706543,True,local before background launch and D2H,local after ready ACK,1.34761381149292,0.6760931015014648,1.440354824066162
experiments/inferrelay_two_node/results/t1-pilot-03,B-A,6,opt-125m,1,32,768,gpu_h2d,49152,float16,1,warmup,1.2595043182373047,0.02035200037062168,0.041596174240112305,0.005247999913990498,0.8692789077758789,0.3486292362213135,0.3933873176574707,True,local before background launch and D2H,local after ready ACK,1.2595043182373047,0.41887331008911133,1.2936902046203613
experiments/inferrelay_two_node/results/t1-pilot-03,B-A,6,opt-125m,1,32,768,gpu_h2d,49152,float16,2,warmup,1.1665799617767334,0.025280000641942024,0.09430098533630371,0.005375999957323074,0.7099518775939941,0.36232709884643555,0.5343270301818848,True,local before background launch and D2H,local after ready ACK,1.1665799617767334,0.5529265403747559,1.2676830291748047
experiments/inferrelay_two_node/results/t1-pilot-03,B-A,6,opt-125m,1,32,768,gpu_h2d,49152,float16,3,warmup,1.1379940509796143,0.019680000841617584,0.09068512916564941,0.005344000179320574,0.6961069107055664,0.35120201110839844,0.5233330726623535,True,local before background launch and D2H,local after ready ACK,1.1379940509796143,0.5401711463928223,1.2413229942321777
experiments/inferrelay_two_node/results/t1-pilot-03,B-A,6,opt-125m,1,32,768,gpu_h2d,49152,float16,4,steady,1.2847990989685059,0.0727040022611618,0.1167302131652832,0.005311999935656786,0.8082170486450195,0.3598518371582031,0.4519672393798828,True,local before background launch and D2H,local after ready ACK,1.2847990989685059,0.46825695037841797,1.2810015678405762
experiments/inferrelay_two_node/results/t1-pilot-03,B-A,6,opt-125m,1,32,768,gpu_h2d,49152,float16,5,steady,1.28855299949646,0.06771200150251389,0.10779500007629395,0.005375999957323074,0.8288841247558594,0.35187387466430664,0.4337449073791504,True,local before background launch and D2H,local after ready ACK,1.28855299949646,0.45027923583984375,1.283646583557129
experiments/inferrelay_two_node/results/t1-pilot-03,B-A,6,opt-125m,1,32,768,gpu_h2d,49152,float16,6,steady,1.3087420463562012,0.02630399912595749,0.05015110969543457,0.005216000135987997,0.8718776702880859,0.38671326637268066,0.38634681701660156,True,local before background launch and D2H,local after ready ACK,1.3087420463562012,0.41776514053344727,1.2950782775878906
experiments/inferrelay_two_node/results/t1-pilot-03,B-A,7,opt-125m,1,32,768,gpu_compute,49152,float16,0,first_transfer,0.7673189640045166,0.03420799970626831,0.18254685401916504,0.02006400004029274,0.04627704620361328,0.5384950637817383,0.7405171394348145,True,local before background launch and D2H,local after ready ACK,0.7673189640045166,0.7935357093811035,0.8451371192932129
experiments/inferrelay_two_node/results/t1-pilot-03,B-A,7,opt-125m,1,32,768,gpu_compute,49152,float16,1,warmup,0.5541689395904541,0.016863999888300896,0.13110995292663574,0.010591999627649784,0.03047037124633789,0.39258861541748047,0.5108456611633301,True,local before background launch and D2H,local after ready ACK,0.5541689395904541,0.5242762565612793,0.558685302734375
experiments/inferrelay_two_node/results/t1-pilot-03,B-A,7,opt-125m,1,32,768,gpu_compute,49152,float16,2,warmup,0.553225040435791,0.018271999433636665,0.13296794891357422,0.009375999681651592,0.027719974517822266,0.39253711700439453,0.5088591575622559,True,local before background launch and D2H,local after ready ACK,0.553225040435791,0.5204586982727051,0.5519013404846191
experiments/inferrelay_two_node/results/t1-pilot-03,B-A,7,opt-125m,1,32,768,gpu_compute,49152,float16,3,warmup,0.4359591007232666,0.027264000847935677,0.07741403579711914,0.009279999881982803,0.02798938751220703,0.33055567741394043,0.3804926872253418,True,local before background launch and D2H,local after ready ACK,0.4359591007232666,0.39213037490844727,0.4238252639770508
experiments/inferrelay_two_node/results/t1-pilot-03,B-A,7,opt-125m,1,32,768,gpu_compute,49152,float16,4,steady,0.40634989738464355,0.037856001406908035,0.05990934371948242,0.008320000022649765,0.029286861419677734,0.3171536922454834,0.3546481132507324,True,local before background launch and D2H,local after ready ACK,0.40634989738464355,0.36594581604003906,0.39905405044555664
experiments/inferrelay_two_node/results/t1-pilot-03,B-A,7,opt-125m,1,32,768,gpu_compute,49152,float16,5,steady,0.4119300842285156,0.03807999938726425,0.05859684944152832,0.011776000261306763,0.031504154205322266,0.32182908058166504,0.36395263671875,True,local before background launch and D2H,local after ready ACK,0.4119300842285156,0.3748893737792969,0.41051626205444336
experiments/inferrelay_two_node/results/t1-pilot-03,B-A,7,opt-125m,1,32,768,gpu_compute,49152,float16,6,steady,0.40871095657348633,0.03657599911093712,0.06044721603393555,0.013183999806642532,0.04297494888305664,0.30528879165649414,0.34007740020751953,True,local before background launch and D2H,local after ready ACK,0.40871095657348633,0.35187768936157227,0.39911985397338867
