run,stage,model,direction,batch,q,steps,arm,cut,policy,sample,e2e_ms,prefill_ms,decode_mean_ms,first_errors,last_errors
experiments/inferrelay_two_node/results/t3-13b-a-b-02,t3,opt-1.3b,A-B,1,32,8,Cresident,2,priority,1,78.89698553085327,11.680556774139404,9.598006861550468,"{'tokens_exact': True, 'logits_max_abs': 0.0, 'kv_max_abs': 0.0}","{'tokens_exact': True, 'logits_max_abs': 0.0, 'kv_max_abs': 0.0}"
experiments/inferrelay_two_node/results/t3-13b-a-b-02,t3,opt-1.3b,A-B,1,32,8,Cresident,2,priority,2,76.8459963798523,10.958420276641846,9.408857004983085,"{'tokens_exact': True, 'logits_max_abs': 0.0, 'kv_max_abs': 0.0}","{'tokens_exact': True, 'logits_max_abs': 0.0, 'kv_max_abs': 0.0}"
experiments/inferrelay_two_node/results/t3-13b-a-b-02,t3,opt-1.3b,A-B,1,32,8,Cresident,2,priority,3,74.29176759719849,10.654973030090332,9.087763581957136,"{'tokens_exact': True, 'logits_max_abs': 0.0, 'kv_max_abs': 0.0}","{'tokens_exact': True, 'logits_max_abs': 0.0, 'kv_max_abs': 0.0}"
experiments/inferrelay_two_node/results/t3-13b-a-b-02,t3,opt-1.3b,A-B,1,32,8,Rresident,2,priority,1,80.9878396987915,12.761614799499512,9.743925639561244,"{'tokens_exact': True, 'logits_max_abs': 0.0, 'kv_max_abs': 0.0}","{'tokens_exact': True, 'logits_max_abs': 0.0, 'kv_max_abs': 0.0}"
experiments/inferrelay_two_node/results/t3-13b-a-b-02,t3,opt-1.3b,A-B,1,32,8,Rresident,2,priority,2,78.4676022529602,11.452919960021973,9.571804250989642,"{'tokens_exact': True, 'logits_max_abs': 0.0, 'kv_max_abs': 0.0}","{'tokens_exact': True, 'logits_max_abs': 0.0, 'kv_max_abs': 0.0}"
experiments/inferrelay_two_node/results/t3-13b-a-b-02,t3,opt-1.3b,A-B,1,32,8,Rresident,2,priority,3,80.50478410720825,12.279780864715576,9.74404798235212,"{'tokens_exact': True, 'logits_max_abs': 0.0, 'kv_max_abs': 0.0}","{'tokens_exact': True, 'logits_max_abs': 0.0, 'kv_max_abs': 0.0}"
experiments/inferrelay_two_node/results/t3-13b-a-b-02,t3,opt-1.3b,A-B,1,32,8,C0,2,window2,1,1220.1997547149658,152.89819383621216,152.21679360525948,"{'tokens_exact': True, 'logits_max_abs': 0.0, 'kv_max_abs': 0.0}","{'tokens_exact': True, 'logits_max_abs': 0.0, 'kv_max_abs': 0.0}"
experiments/inferrelay_two_node/results/t3-13b-a-b-02,t3,opt-1.3b,A-B,1,32,8,C0,2,window2,2,1222.2420778274536,152.7327904701233,152.50370836257935,"{'tokens_exact': True, 'logits_max_abs': 0.0, 'kv_max_abs': 0.0}","{'tokens_exact': True, 'logits_max_abs': 0.0, 'kv_max_abs': 0.0}"
experiments/inferrelay_two_node/results/t3-13b-a-b-02,t3,opt-1.3b,A-B,1,32,8,C0,2,window2,3,1222.3796091079712,152.81325960159302,152.5217789241246,"{'tokens_exact': True, 'logits_max_abs': 0.0, 'kv_max_abs': 0.0}","{'tokens_exact': True, 'logits_max_abs': 0.0, 'kv_max_abs': 0.0}"
experiments/inferrelay_two_node/results/t3-13b-a-b-02,t3,opt-1.3b,A-B,1,32,8,R0,2,window2,1,1246.3970861434937,156.54288530349731,155.49396998541695,"{'tokens_exact': True, 'logits_max_abs': 0.0, 'kv_max_abs': 0.0}","{'tokens_exact': True, 'logits_max_abs': 0.0, 'kv_max_abs': 0.0}"
experiments/inferrelay_two_node/results/t3-13b-a-b-02,t3,opt-1.3b,A-B,1,32,8,R0,2,window2,2,1246.9824800491333,156.78617238998413,155.5372005190168,"{'tokens_exact': True, 'logits_max_abs': 0.0, 'kv_max_abs': 0.0}","{'tokens_exact': True, 'logits_max_abs': 0.0, 'kv_max_abs': 0.0}"
experiments/inferrelay_two_node/results/t3-13b-a-b-02,t3,opt-1.3b,A-B,1,32,8,R0,2,window2,3,1249.0398149490356,157.95870542526245,155.68220703942436,"{'tokens_exact': True, 'logits_max_abs': 0.0, 'kv_max_abs': 0.0}","{'tokens_exact': True, 'logits_max_abs': 0.0, 'kv_max_abs': 0.0}"
experiments/inferrelay_two_node/results/t3-13b-a-b-02,t3,opt-1.3b,A-B,1,32,8,C1,1,priority,1,640.2394504547119,82.63533687591553,79.31834936141968,"{'tokens_exact': True, 'logits_max_abs': 0.0, 'kv_max_abs': 0.0}","{'tokens_exact': True, 'logits_max_abs': 0.0, 'kv_max_abs': 0.0}"
experiments/inferrelay_two_node/results/t3-13b-a-b-02,t3,opt-1.3b,A-B,1,32,8,C1,1,priority,2,638.6008267402649,81.9932050704956,79.18755238396781,"{'tokens_exact': True, 'logits_max_abs': 0.0, 'kv_max_abs': 0.0}","{'tokens_exact': True, 'logits_max_abs': 0.0, 'kv_max_abs': 0.0}"
experiments/inferrelay_two_node/results/t3-13b-a-b-02,t3,opt-1.3b,A-B,1,32,8,C1,1,priority,3,638.8213806152344,81.98293924331665,79.22004406792777,"{'tokens_exact': True, 'logits_max_abs': 0.0, 'kv_max_abs': 0.0}","{'tokens_exact': True, 'logits_max_abs': 0.0, 'kv_max_abs': 0.0}"
experiments/inferrelay_two_node/results/t3-13b-a-b-02,t3,opt-1.3b,A-B,1,32,8,C1,2,priority,1,773.3444085121155,108.17230129241943,94.75438390459333,"{'tokens_exact': True, 'logits_max_abs': 0.0, 'kv_max_abs': 0.0}","{'tokens_exact': True, 'logits_max_abs': 0.0, 'kv_max_abs': 0.0}"
experiments/inferrelay_two_node/results/t3-13b-a-b-02,t3,opt-1.3b,A-B,1,32,8,C1,2,priority,2,774.4413890838623,107.56425714492798,95.01407112394061,"{'tokens_exact': True, 'logits_max_abs': 0.0, 'kv_max_abs': 0.0}","{'tokens_exact': True, 'logits_max_abs': 0.0, 'kv_max_abs': 0.0}"
experiments/inferrelay_two_node/results/t3-13b-a-b-02,t3,opt-1.3b,A-B,1,32,8,C1,2,priority,3,775.4961643218994,108.33080816268921,94.78706427982875,"{'tokens_exact': True, 'logits_max_abs': 0.0, 'kv_max_abs': 0.0}","{'tokens_exact': True, 'logits_max_abs': 0.0, 'kv_max_abs': 0.0}"
experiments/inferrelay_two_node/results/t3-13b-a-b-02,t3,opt-1.3b,A-B,1,32,8,C1,3,priority,1,1149.0365290641785,153.52469682693481,141.98515721729822,"{'tokens_exact': True, 'logits_max_abs': 0.0, 'kv_max_abs': 0.0}","{'tokens_exact': True, 'logits_max_abs': 0.0, 'kv_max_abs': 0.0}"
experiments/inferrelay_two_node/results/t3-13b-a-b-02,t3,opt-1.3b,A-B,1,32,8,C1,3,priority,2,1149.2010869979858,152.17473125457764,142.15180383409773,"{'tokens_exact': True, 'logits_max_abs': 0.0, 'kv_max_abs': 0.0}","{'tokens_exact': True, 'logits_max_abs': 0.0, 'kv_max_abs': 0.0}"
experiments/inferrelay_two_node/results/t3-13b-a-b-02,t3,opt-1.3b,A-B,1,32,8,C1,3,priority,3,1148.313537120819,153.37233209609985,141.8808994293213,"{'tokens_exact': True, 'logits_max_abs': 0.0, 'kv_max_abs': 0.0}","{'tokens_exact': True, 'logits_max_abs': 0.0, 'kv_max_abs': 0.0}"
experiments/inferrelay_two_node/results/t3-13b-a-b-02,t3,opt-1.3b,A-B,1,32,8,R1,2,priority,1,775.7499585151672,101.73516750335693,96.08328417369297,"{'tokens_exact': True, 'logits_max_abs': 0.0, 'kv_max_abs': 0.0}","{'tokens_exact': True, 'logits_max_abs': 0.0, 'kv_max_abs': 0.0}"
experiments/inferrelay_two_node/results/t3-13b-a-b-02,t3,opt-1.3b,A-B,1,32,8,R1,2,priority,2,773.7034149169922,102.06810998916626,95.75639268330166,"{'tokens_exact': True, 'logits_max_abs': 0.0, 'kv_max_abs': 0.0}","{'tokens_exact': True, 'logits_max_abs': 0.0, 'kv_max_abs': 0.0}"
experiments/inferrelay_two_node/results/t3-13b-a-b-02,t3,opt-1.3b,A-B,1,32,8,R1,2,priority,3,772.7658982276917,101.47729682922363,95.68485062462943,"{'tokens_exact': True, 'logits_max_abs': 0.0, 'kv_max_abs': 0.0}","{'tokens_exact': True, 'logits_max_abs': 0.0, 'kv_max_abs': 0.0}"
experiments/inferrelay_two_node/results/t3-13b-a-b-02,t3,opt-1.3b,A-B,1,32,8,C1,1,window2,1,620.0777721405029,80.81297874450684,76.7246788569859,"{'tokens_exact': True, 'logits_max_abs': 0.0, 'kv_max_abs': 0.0}","{'tokens_exact': True, 'logits_max_abs': 0.0, 'kv_max_abs': 0.0}"
experiments/inferrelay_two_node/results/t3-13b-a-b-02,t3,opt-1.3b,A-B,1,32,8,C1,1,window2,2,620.9439220428467,81.01700830459595,76.80115570340838,"{'tokens_exact': True, 'logits_max_abs': 0.0, 'kv_max_abs': 0.0}","{'tokens_exact': True, 'logits_max_abs': 0.0, 'kv_max_abs': 0.0}"
experiments/inferrelay_two_node/results/t3-13b-a-b-02,t3,opt-1.3b,A-B,1,32,8,C1,1,window2,3,619.2996459007263,80.4272403717041,76.68271882193429,"{'tokens_exact': True, 'logits_max_abs': 0.0, 'kv_max_abs': 0.0}","{'tokens_exact': True, 'logits_max_abs': 0.0, 'kv_max_abs': 0.0}"
experiments/inferrelay_two_node/results/t3-13b-a-b-02,t3,opt-1.3b,A-B,1,32,8,C1,2,window2,1,760.5044631958008,107.50426483154297,93.1534196308681,"{'tokens_exact': True, 'logits_max_abs': 0.0, 'kv_max_abs': 0.0}","{'tokens_exact': True, 'logits_max_abs': 0.0, 'kv_max_abs': 0.0}"
experiments/inferrelay_two_node/results/t3-13b-a-b-02,t3,opt-1.3b,A-B,1,32,8,C1,2,window2,2,759.8330426216125,112.54864358901978,92.33169630595616,"{'tokens_exact': True, 'logits_max_abs': 0.0, 'kv_max_abs': 0.0}","{'tokens_exact': True, 'logits_max_abs': 0.0, 'kv_max_abs': 0.0}"
experiments/inferrelay_two_node/results/t3-13b-a-b-02,t3,opt-1.3b,A-B,1,32,8,C1,2,window2,3,762.2198104858398,106.62754106521606,93.42495489120483,"{'tokens_exact': True, 'logits_max_abs': 0.0, 'kv_max_abs': 0.0}","{'tokens_exact': True, 'logits_max_abs': 0.0, 'kv_max_abs': 0.0}"
experiments/inferrelay_two_node/results/t3-13b-a-b-02,t3,opt-1.3b,A-B,1,32,8,C1,3,window2,1,1133.7994437217712,150.45775079727173,140.0323760168893,"{'tokens_exact': True, 'logits_max_abs': 0.0, 'kv_max_abs': 0.0}","{'tokens_exact': True, 'logits_max_abs': 0.0, 'kv_max_abs': 0.0}"
experiments/inferrelay_two_node/results/t3-13b-a-b-02,t3,opt-1.3b,A-B,1,32,8,C1,3,window2,2,1134.2256751060486,150.25168800354004,139.89178017207556,"{'tokens_exact': True, 'logits_max_abs': 0.0, 'kv_max_abs': 0.0}","{'tokens_exact': True, 'logits_max_abs': 0.0, 'kv_max_abs': 0.0}"
experiments/inferrelay_two_node/results/t3-13b-a-b-02,t3,opt-1.3b,A-B,1,32,8,C1,3,window2,3,1131.2732372283936,150.89722299575806,139.81234863826208,"{'tokens_exact': True, 'logits_max_abs': 0.0, 'kv_max_abs': 0.0}","{'tokens_exact': True, 'logits_max_abs': 0.0, 'kv_max_abs': 0.0}"
experiments/inferrelay_two_node/results/t3-13b-a-b-02,t3,opt-1.3b,A-B,1,32,8,R1,2,window2,1,755.7301750183105,149.93706369400024,86.28163930347988,"{'tokens_exact': True, 'logits_max_abs': 0.0, 'kv_max_abs': 0.0}","{'tokens_exact': True, 'logits_max_abs': 0.0, 'kv_max_abs': 0.0}"
experiments/inferrelay_two_node/results/t3-13b-a-b-02,t3,opt-1.3b,A-B,1,32,8,R1,2,window2,2,755.055657863617,148.0296220779419,86.57261902945382,"{'tokens_exact': True, 'logits_max_abs': 0.0, 'kv_max_abs': 0.0}","{'tokens_exact': True, 'logits_max_abs': 0.0, 'kv_max_abs': 0.0}"
experiments/inferrelay_two_node/results/t3-13b-a-b-02,t3,opt-1.3b,A-B,1,32,8,R1,2,window2,3,757.9621334075928,148.58574533462524,86.81532233101981,"{'tokens_exact': True, 'logits_max_abs': 0.0, 'kv_max_abs': 0.0}","{'tokens_exact': True, 'logits_max_abs': 0.0, 'kv_max_abs': 0.0}"
experiments/inferrelay_two_node/results/t3-13b-a-b-02,t3,opt-1.3b,A-B,1,128,4,Cresident,2,priority,1,41.22383689880371,13.76233196258545,9.149405797322592,"{'tokens_exact': True, 'logits_max_abs': 0.0, 'kv_max_abs': 0.0}","{'tokens_exact': True, 'logits_max_abs': 0.0, 'kv_max_abs': 0.0}"
experiments/inferrelay_two_node/results/t3-13b-a-b-02,t3,opt-1.3b,A-B,1,128,4,Cresident,2,priority,2,40.60018873214722,13.60109567642212,8.99476401011149,"{'tokens_exact': True, 'logits_max_abs': 0.0, 'kv_max_abs': 0.0}","{'tokens_exact': True, 'logits_max_abs': 0.0, 'kv_max_abs': 0.0}"
experiments/inferrelay_two_node/results/t3-13b-a-b-02,t3,opt-1.3b,A-B,1,128,4,Cresident,2,priority,3,40.220664501190186,13.60808801651001,8.866857528686523,"{'tokens_exact': True, 'logits_max_abs': 0.0, 'kv_max_abs': 0.0}","{'tokens_exact': True, 'logits_max_abs': 0.0, 'kv_max_abs': 0.0}"
experiments/inferrelay_two_node/results/t3-13b-a-b-02,t3,opt-1.3b,A-B,1,128,4,Rresident,2,priority,1,49.81561470031738,18.636579990386963,10.388498624165853,"{'tokens_exact': True, 'logits_max_abs': 0.0, 'kv_max_abs': 0.0}","{'tokens_exact': True, 'logits_max_abs': 0.0, 'kv_max_abs': 0.0}"
experiments/inferrelay_two_node/results/t3-13b-a-b-02,t3,opt-1.3b,A-B,1,128,4,Rresident,2,priority,2,50.03146028518677,18.527271270751953,10.49694045384725,"{'tokens_exact': True, 'logits_max_abs': 0.0, 'kv_max_abs': 0.0}","{'tokens_exact': True, 'logits_max_abs': 0.0, 'kv_max_abs': 0.0}"
experiments/inferrelay_two_node/results/t3-13b-a-b-02,t3,opt-1.3b,A-B,1,128,4,Rresident,2,priority,3,48.4261269569397,18.358932495117188,10.018180847167969,"{'tokens_exact': True, 'logits_max_abs': 0.0, 'kv_max_abs': 0.0}","{'tokens_exact': True, 'logits_max_abs': 0.0, 'kv_max_abs': 0.0}"
experiments/inferrelay_two_node/results/t3-13b-a-b-02,t3,opt-1.3b,A-B,1,128,4,C0,2,window2,1,615.1973977088928,156.2009358406067,152.60131533940634,"{'tokens_exact': True, 'logits_max_abs': 0.0, 'kv_max_abs': 0.0}","{'tokens_exact': True, 'logits_max_abs': 0.0, 'kv_max_abs': 0.0}"
experiments/inferrelay_two_node/results/t3-13b-a-b-02,t3,opt-1.3b,A-B,1,128,4,C0,2,window2,2,614.883020401001,155.93120098114014,152.58197259902954,"{'tokens_exact': True, 'logits_max_abs': 0.0, 'kv_max_abs': 0.0}","{'tokens_exact': True, 'logits_max_abs': 0.0, 'kv_max_abs': 0.0}"
experiments/inferrelay_two_node/results/t3-13b-a-b-02,t3,opt-1.3b,A-B,1,128,4,C0,2,window2,3,614.2707829475403,155.74274587631226,152.4405419031779,"{'tokens_exact': True, 'logits_max_abs': 0.0, 'kv_max_abs': 0.0}","{'tokens_exact': True, 'logits_max_abs': 0.0, 'kv_max_abs': 0.0}"
experiments/inferrelay_two_node/results/t3-13b-a-b-02,t3,opt-1.3b,A-B,1,128,4,R0,2,window2,1,631.851902961731,163.6434645652771,155.84547646840414,"{'tokens_exact': True, 'logits_max_abs': 0.0, 'kv_max_abs': 0.0}","{'tokens_exact': True, 'logits_max_abs': 0.0, 'kv_max_abs': 0.0}"
experiments/inferrelay_two_node/results/t3-13b-a-b-02,t3,opt-1.3b,A-B,1,128,4,R0,2,window2,2,633.0709748268127,163.72542715072632,156.20828501383463,"{'tokens_exact': True, 'logits_max_abs': 0.0, 'kv_max_abs': 0.0}","{'tokens_exact': True, 'logits_max_abs': 0.0, 'kv_max_abs': 0.0}"
experiments/inferrelay_two_node/results/t3-13b-a-b-02,t3,opt-1.3b,A-B,1,128,4,R0,2,window2,3,633.9832720756531,164.52366304397583,156.23660691579184,"{'tokens_exact': True, 'logits_max_abs': 0.0, 'kv_max_abs': 0.0}","{'tokens_exact': True, 'logits_max_abs': 0.0, 'kv_max_abs': 0.0}"
experiments/inferrelay_two_node/results/t3-13b-a-b-02,t3,opt-1.3b,A-B,1,128,4,C1,1,priority,1,324.5016860961914,85.67263460159302,79.1583906809489,"{'tokens_exact': True, 'logits_max_abs': 0.0, 'kv_max_abs': 0.0}","{'tokens_exact': True, 'logits_max_abs': 0.0, 'kv_max_abs': 0.0}"
experiments/inferrelay_two_node/results/t3-13b-a-b-02,t3,opt-1.3b,A-B,1,128,4,C1,1,priority,2,325.0096459388733,85.68660402297974,79.229394753774,"{'tokens_exact': True, 'logits_max_abs': 0.0, 'kv_max_abs': 0.0}","{'tokens_exact': True, 'logits_max_abs': 0.0, 'kv_max_abs': 0.0}"
experiments/inferrelay_two_node/results/t3-13b-a-b-02,t3,opt-1.3b,A-B,1,128,4,C1,1,priority,3,325.1790738105774,85.89305686950684,79.25996589660645,"{'tokens_exact': True, 'logits_max_abs': 0.0, 'kv_max_abs': 0.0}","{'tokens_exact': True, 'logits_max_abs': 0.0, 'kv_max_abs': 0.0}"
experiments/inferrelay_two_node/results/t3-13b-a-b-02,t3,opt-1.3b,A-B,1,128,4,C1,2,priority,1,396.27639389038086,116.86949300765991,92.57968600591023,"{'tokens_exact': True, 'logits_max_abs': 0.0, 'kv_max_abs': 0.0}","{'tokens_exact': True, 'logits_max_abs': 0.0, 'kv_max_abs': 0.0}"
experiments/inferrelay_two_node/results/t3-13b-a-b-02,t3,opt-1.3b,A-B,1,128,4,C1,2,priority,2,393.90767669677734,110.3659143447876,94.27663469314575,"{'tokens_exact': True, 'logits_max_abs': 0.0, 'kv_max_abs': 0.0}","{'tokens_exact': True, 'logits_max_abs': 0.0, 'kv_max_abs': 0.0}"
experiments/inferrelay_two_node/results/t3-13b-a-b-02,t3,opt-1.3b,A-B,1,128,4,C1,2,priority,3,393.3410048484802,109.81413173675537,94.30406824747722,"{'tokens_exact': True, 'logits_max_abs': 0.0, 'kv_max_abs': 0.0}","{'tokens_exact': True, 'logits_max_abs': 0.0, 'kv_max_abs': 0.0}"
experiments/inferrelay_two_node/results/t3-13b-a-b-02,t3,opt-1.3b,A-B,1,128,4,C1,3,priority,1,580.1476135253906,154.72168016433716,141.5695220629374,"{'tokens_exact': True, 'logits_max_abs': 0.0, 'kv_max_abs': 0.0}","{'tokens_exact': True, 'logits_max_abs': 0.0, 'kv_max_abs': 0.0}"
experiments/inferrelay_two_node/results/t3-13b-a-b-02,t3,opt-1.3b,A-B,1,128,4,C1,3,priority,2,580.334894657135,154.45348978042603,141.7176602681478,"{'tokens_exact': True, 'logits_max_abs': 0.0, 'kv_max_abs': 0.0}","{'tokens_exact': True, 'logits_max_abs': 0.0, 'kv_max_abs': 0.0}"
experiments/inferrelay_two_node/results/t3-13b-a-b-02,t3,opt-1.3b,A-B,1,128,4,C1,3,priority,3,580.2661261558533,154.03494691848755,141.82065693537393,"{'tokens_exact': True, 'logits_max_abs': 0.0, 'kv_max_abs': 0.0}","{'tokens_exact': True, 'logits_max_abs': 0.0, 'kv_max_abs': 0.0}"
experiments/inferrelay_two_node/results/t3-13b-a-b-02,t3,opt-1.3b,A-B,1,128,4,R1,2,priority,1,394.1359362602234,104.83275604248047,96.24283949534099,"{'tokens_exact': True, 'logits_max_abs': 0.0, 'kv_max_abs': 0.0}","{'tokens_exact': True, 'logits_max_abs': 0.0, 'kv_max_abs': 0.0}"
experiments/inferrelay_two_node/results/t3-13b-a-b-02,t3,opt-1.3b,A-B,1,128,4,R1,2,priority,2,395.21120834350586,105.26566696166992,96.10060834884644,"{'tokens_exact': True, 'logits_max_abs': 0.0, 'kv_max_abs': 0.0}","{'tokens_exact': True, 'logits_max_abs': 0.0, 'kv_max_abs': 0.0}"
experiments/inferrelay_two_node/results/t3-13b-a-b-02,t3,opt-1.3b,A-B,1,128,4,R1,2,priority,3,393.00752115249634,104.80956935882568,95.87220080693562,"{'tokens_exact': True, 'logits_max_abs': 0.0, 'kv_max_abs': 0.0}","{'tokens_exact': True, 'logits_max_abs': 0.0, 'kv_max_abs': 0.0}"
experiments/inferrelay_two_node/results/t3-13b-a-b-02,t3,opt-1.3b,A-B,1,128,4,C1,1,window2,1,316.32227325439453,84.15321588516235,76.88037649790446,"{'tokens_exact': True, 'logits_max_abs': 0.0, 'kv_max_abs': 0.0}","{'tokens_exact': True, 'logits_max_abs': 0.0, 'kv_max_abs': 0.0}"
experiments/inferrelay_two_node/results/t3-13b-a-b-02,t3,opt-1.3b,A-B,1,128,4,C1,1,window2,2,316.1441316604614,84.14727401733398,76.81756480534871,"{'tokens_exact': True, 'logits_max_abs': 0.0, 'kv_max_abs': 0.0}","{'tokens_exact': True, 'logits_max_abs': 0.0, 'kv_max_abs': 0.0}"
experiments/inferrelay_two_node/results/t3-13b-a-b-02,t3,opt-1.3b,A-B,1,128,4,C1,1,window2,3,315.3640103340149,83.72879981994629,76.71488793690999,"{'tokens_exact': True, 'logits_max_abs': 0.0, 'kv_max_abs': 0.0}","{'tokens_exact': True, 'logits_max_abs': 0.0, 'kv_max_abs': 0.0}"
experiments/inferrelay_two_node/results/t3-13b-a-b-02,t3,opt-1.3b,A-B,1,128,4,C1,2,window2,1,388.36587715148926,108.19117164611816,93.02415386835735,"{'tokens_exact': True, 'logits_max_abs': 0.0, 'kv_max_abs': 0.0}","{'tokens_exact': True, 'logits_max_abs': 0.0, 'kv_max_abs': 0.0}"
experiments/inferrelay_two_node/results/t3-13b-a-b-02,t3,opt-1.3b,A-B,1,128,4,C1,2,window2,2,388.2914628982544,108.67086505889893,93.04228401184082,"{'tokens_exact': True, 'logits_max_abs': 0.0, 'kv_max_abs': 0.0}","{'tokens_exact': True, 'logits_max_abs': 0.0, 'kv_max_abs': 0.0}"
experiments/inferrelay_two_node/results/t3-13b-a-b-02,t3,opt-1.3b,A-B,1,128,4,C1,2,window2,3,387.61985635757446,108.3621335029602,92.513023853302,"{'tokens_exact': True, 'logits_max_abs': 0.0, 'kv_max_abs': 0.0}","{'tokens_exact': True, 'logits_max_abs': 0.0, 'kv_max_abs': 0.0}"
experiments/inferrelay_two_node/results/t3-13b-a-b-02,t3,opt-1.3b,A-B,1,128,4,C1,3,window2,1,571.675509929657,152.48979091644287,139.45790004730225,"{'tokens_exact': True, 'logits_max_abs': 0.0, 'kv_max_abs': 0.0}","{'tokens_exact': True, 'logits_max_abs': 0.0, 'kv_max_abs': 0.0}"
experiments/inferrelay_two_node/results/t3-13b-a-b-02,t3,opt-1.3b,A-B,1,128,4,C1,3,window2,2,572.7230429649353,152.3362340927124,139.45787318547568,"{'tokens_exact': True, 'logits_max_abs': 0.0, 'kv_max_abs': 0.0}","{'tokens_exact': True, 'logits_max_abs': 0.0, 'kv_max_abs': 0.0}"
experiments/inferrelay_two_node/results/t3-13b-a-b-02,t3,opt-1.3b,A-B,1,128,4,C1,3,window2,3,572.2437210083008,152.77570724487305,139.1916659673055,"{'tokens_exact': True, 'logits_max_abs': 0.0, 'kv_max_abs': 0.0}","{'tokens_exact': True, 'logits_max_abs': 0.0, 'kv_max_abs': 0.0}"
experiments/inferrelay_two_node/results/t3-13b-a-b-02,t3,opt-1.3b,A-B,1,128,4,R1,2,window2,1,385.26970195770264,149.86659288406372,78.12449900309245,"{'tokens_exact': True, 'logits_max_abs': 0.0, 'kv_max_abs': 0.0}","{'tokens_exact': True, 'logits_max_abs': 0.0, 'kv_max_abs': 0.0}"
experiments/inferrelay_two_node/results/t3-13b-a-b-02,t3,opt-1.3b,A-B,1,128,4,R1,2,window2,2,382.90499353408813,149.37363958358765,77.48438199361165,"{'tokens_exact': True, 'logits_max_abs': 0.0, 'kv_max_abs': 0.0}","{'tokens_exact': True, 'logits_max_abs': 0.0, 'kv_max_abs': 0.0}"
experiments/inferrelay_two_node/results/t3-13b-a-b-02,t3,opt-1.3b,A-B,1,128,4,R1,2,window2,3,382.53129053115845,149.4732060432434,77.36076243718465,"{'tokens_exact': True, 'logits_max_abs': 0.0, 'kv_max_abs': 0.0}","{'tokens_exact': True, 'logits_max_abs': 0.0, 'kv_max_abs': 0.0}"
experiments/inferrelay_two_node/results/t3-13b-a-b-02,t3,opt-1.3b,A-B,4,256,4,Cresident,2,priority,1,137.39130687713623,92.49004077911377,14.95284096399943,"{'tokens_exact': True, 'logits_max_abs': 0.0, 'kv_max_abs': 0.0}","{'tokens_exact': True, 'logits_max_abs': 0.0, 'kv_max_abs': 0.0}"
experiments/inferrelay_two_node/results/t3-13b-a-b-02,t3,opt-1.3b,A-B,4,256,4,Cresident,2,priority,2,137.08059740066528,92.3805570602417,14.88639465967814,"{'tokens_exact': True, 'logits_max_abs': 0.0, 'kv_max_abs': 0.0}","{'tokens_exact': True, 'logits_max_abs': 0.0, 'kv_max_abs': 0.0}"
experiments/inferrelay_two_node/results/t3-13b-a-b-02,t3,opt-1.3b,A-B,4,256,4,Cresident,2,priority,3,135.39585638046265,91.53041124343872,14.615511099497477,"{'tokens_exact': True, 'logits_max_abs': 0.0, 'kv_max_abs': 0.0}","{'tokens_exact': True, 'logits_max_abs': 0.0, 'kv_max_abs': 0.0}"
experiments/inferrelay_two_node/results/t3-13b-a-b-02,t3,opt-1.3b,A-B,4,256,4,Rresident,2,priority,1,171.3547077178955,123.47109603881836,15.948101679484049,"{'tokens_exact': True, 'logits_max_abs': 0.0, 'kv_max_abs': 0.0}","{'tokens_exact': True, 'logits_max_abs': 0.0, 'kv_max_abs': 0.0}"
experiments/inferrelay_two_node/results/t3-13b-a-b-02,t3,opt-1.3b,A-B,4,256,4,Rresident,2,priority,2,174.72614002227783,123.20083093643188,17.161452770233154,"{'tokens_exact': True, 'logits_max_abs': 0.0, 'kv_max_abs': 0.0}","{'tokens_exact': True, 'logits_max_abs': 0.0, 'kv_max_abs': 0.0}"
experiments/inferrelay_two_node/results/t3-13b-a-b-02,t3,opt-1.3b,A-B,4,256,4,Rresident,2,priority,3,169.93044900894165,123.27266120910645,15.538733959197998,"{'tokens_exact': True, 'logits_max_abs': 0.0, 'kv_max_abs': 0.0}","{'tokens_exact': True, 'logits_max_abs': 0.0, 'kv_max_abs': 0.0}"
experiments/inferrelay_two_node/results/t3-13b-a-b-02,t3,opt-1.3b,A-B,4,256,4,C0,2,window2,1,661.1442604064941,202.53808116912842,152.35343837738037,"{'tokens_exact': True, 'logits_max_abs': 0.0, 'kv_max_abs': 0.0}","{'tokens_exact': True, 'logits_max_abs': 0.0, 'kv_max_abs': 0.0}"
experiments/inferrelay_two_node/results/t3-13b-a-b-02,t3,opt-1.3b,A-B,4,256,4,C0,2,window2,2,661.2311520576477,202.24523973464966,152.4980092048645,"{'tokens_exact': True, 'logits_max_abs': 0.0, 'kv_max_abs': 0.0}","{'tokens_exact': True, 'logits_max_abs': 0.0, 'kv_max_abs': 0.0}"
experiments/inferrelay_two_node/results/t3-13b-a-b-02,t3,opt-1.3b,A-B,4,256,4,C0,2,window2,3,660.8966031074524,202.2759690284729,152.34037971496582,"{'tokens_exact': True, 'logits_max_abs': 0.0, 'kv_max_abs': 0.0}","{'tokens_exact': True, 'logits_max_abs': 0.0, 'kv_max_abs': 0.0}"
experiments/inferrelay_two_node/results/t3-13b-a-b-02,t3,opt-1.3b,A-B,4,256,4,R0,2,window2,1,735.5455040931702,266.08118438720703,156.02199427286783,"{'tokens_exact': True, 'logits_max_abs': 0.0, 'kv_max_abs': 0.0}","{'tokens_exact': True, 'logits_max_abs': 0.0, 'kv_max_abs': 0.0}"
experiments/inferrelay_two_node/results/t3-13b-a-b-02,t3,opt-1.3b,A-B,4,256,4,R0,2,window2,2,735.6152930259705,265.9834041595459,156.08738962809244,"{'tokens_exact': True, 'logits_max_abs': 0.0, 'kv_max_abs': 0.0}","{'tokens_exact': True, 'logits_max_abs': 0.0, 'kv_max_abs': 0.0}"
experiments/inferrelay_two_node/results/t3-13b-a-b-02,t3,opt-1.3b,A-B,4,256,4,R0,2,window2,3,735.7634673118591,265.8647928237915,156.19710699717203,"{'tokens_exact': True, 'logits_max_abs': 0.0, 'kv_max_abs': 0.0}","{'tokens_exact': True, 'logits_max_abs': 0.0, 'kv_max_abs': 0.0}"
experiments/inferrelay_two_node/results/t3-13b-a-b-02,t3,opt-1.3b,A-B,4,256,4,C1,1,priority,1,387.76758575439453,148.5152587890625,79.24370368321736,"{'tokens_exact': True, 'logits_max_abs': 0.0, 'kv_max_abs': 0.0}","{'tokens_exact': True, 'logits_max_abs': 0.0, 'kv_max_abs': 0.0}"
experiments/inferrelay_two_node/results/t3-13b-a-b-02,t3,opt-1.3b,A-B,4,256,4,C1,1,priority,2,387.4015164375305,148.33873081207275,79.1354095141093,"{'tokens_exact': True, 'logits_max_abs': 0.0, 'kv_max_abs': 0.0}","{'tokens_exact': True, 'logits_max_abs': 0.0, 'kv_max_abs': 0.0}"
experiments/inferrelay_two_node/results/t3-13b-a-b-02,t3,opt-1.3b,A-B,4,256,4,C1,1,priority,3,388.7992596626282,148.49988842010498,79.53571081161499,"{'tokens_exact': True, 'logits_max_abs': 0.0, 'kv_max_abs': 0.0}","{'tokens_exact': True, 'logits_max_abs': 0.0, 'kv_max_abs': 0.0}"
experiments/inferrelay_two_node/results/t3-13b-a-b-02,t3,opt-1.3b,A-B,4,256,4,C1,2,priority,1,410.4161801338196,168.8856725692749,79.9307074546814,"{'tokens_exact': True, 'logits_max_abs': 0.0, 'kv_max_abs': 0.0}","{'tokens_exact': True, 'logits_max_abs': 0.0, 'kv_max_abs': 0.0}"
experiments/inferrelay_two_node/results/t3-13b-a-b-02,t3,opt-1.3b,A-B,4,256,4,C1,2,priority,2,410.30541372299194,168.7045521736145,79.98272196451823,"{'tokens_exact': True, 'logits_max_abs': 0.0, 'kv_max_abs': 0.0}","{'tokens_exact': True, 'logits_max_abs': 0.0, 'kv_max_abs': 0.0}"
experiments/inferrelay_two_node/results/t3-13b-a-b-02,t3,opt-1.3b,A-B,4,256,4,C1,2,priority,3,410.3640570640564,169.3983235359192,79.76901165644328,"{'tokens_exact': True, 'logits_max_abs': 0.0, 'kv_max_abs': 0.0}","{'tokens_exact': True, 'logits_max_abs': 0.0, 'kv_max_abs': 0.0}"
experiments/inferrelay_two_node/results/t3-13b-a-b-02,t3,opt-1.3b,A-B,4,256,4,C1,3,priority,1,597.0383291244507,198.47238731384277,132.23971843719482,"{'tokens_exact': True, 'logits_max_abs': 0.0, 'kv_max_abs': 0.0}","{'tokens_exact': True, 'logits_max_abs': 0.0, 'kv_max_abs': 0.0}"
experiments/inferrelay_two_node/results/t3-13b-a-b-02,t3,opt-1.3b,A-B,4,256,4,C1,3,priority,2,599.5172452926636,199.42535066604614,132.802681128184,"{'tokens_exact': True, 'logits_max_abs': 0.0, 'kv_max_abs': 0.0}","{'tokens_exact': True, 'logits_max_abs': 0.0, 'kv_max_abs': 0.0}"
experiments/inferrelay_two_node/results/t3-13b-a-b-02,t3,opt-1.3b,A-B,4,256,4,C1,3,priority,3,599.1528844833374,198.90038633346558,132.30344025293985,"{'tokens_exact': True, 'logits_max_abs': 0.0, 'kv_max_abs': 0.0}","{'tokens_exact': True, 'logits_max_abs': 0.0, 'kv_max_abs': 0.0}"
experiments/inferrelay_two_node/results/t3-13b-a-b-02,t3,opt-1.3b,A-B,4,256,4,R1,2,priority,1,426.97674226760864,170.05382204055786,85.14464648564656,"{'tokens_exact': True, 'logits_max_abs': 0.0, 'kv_max_abs': 0.0}","{'tokens_exact': True, 'logits_max_abs': 0.0, 'kv_max_abs': 0.0}"
experiments/inferrelay_two_node/results/t3-13b-a-b-02,t3,opt-1.3b,A-B,4,256,4,R1,2,priority,2,425.92398166656494,169.46582412719727,85.02053594589233,"{'tokens_exact': True, 'logits_max_abs': 0.0, 'kv_max_abs': 0.0}","{'tokens_exact': True, 'logits_max_abs': 0.0, 'kv_max_abs': 0.0}"
experiments/inferrelay_two_node/results/t3-13b-a-b-02,t3,opt-1.3b,A-B,4,256,4,R1,2,priority,3,425.4491949081421,169.5474328994751,84.8116291364034,"{'tokens_exact': True, 'logits_max_abs': 0.0, 'kv_max_abs': 0.0}","{'tokens_exact': True, 'logits_max_abs': 0.0, 'kv_max_abs': 0.0}"
experiments/inferrelay_two_node/results/t3-13b-a-b-02,t3,opt-1.3b,A-B,4,256,4,C1,1,window2,1,377.5409450531006,145.65903425216675,76.73319848378499,"{'tokens_exact': True, 'logits_max_abs': 0.0, 'kv_max_abs': 0.0}","{'tokens_exact': True, 'logits_max_abs': 0.0, 'kv_max_abs': 0.0}"
experiments/inferrelay_two_node/results/t3-13b-a-b-02,t3,opt-1.3b,A-B,4,256,4,C1,1,window2,2,378.093017578125,146.02932691574097,76.795982837677,"{'tokens_exact': True, 'logits_max_abs': 0.0, 'kv_max_abs': 0.0}","{'tokens_exact': True, 'logits_max_abs': 0.0, 'kv_max_abs': 0.0}"
experiments/inferrelay_two_node/results/t3-13b-a-b-02,t3,opt-1.3b,A-B,4,256,4,C1,1,window2,3,378.7323651313782,146.6434783935547,76.85748465855916,"{'tokens_exact': True, 'logits_max_abs': 0.0, 'kv_max_abs': 0.0}","{'tokens_exact': True, 'logits_max_abs': 0.0, 'kv_max_abs': 0.0}"
experiments/inferrelay_two_node/results/t3-13b-a-b-02,t3,opt-1.3b,A-B,4,256,4,C1,2,window2,1,388.4585690498352,166.30826902389526,73.21434370676677,"{'tokens_exact': True, 'logits_max_abs': 0.0, 'kv_max_abs': 0.0}","{'tokens_exact': True, 'logits_max_abs': 0.0, 'kv_max_abs': 0.0}"
experiments/inferrelay_two_node/results/t3-13b-a-b-02,t3,opt-1.3b,A-B,4,256,4,C1,2,window2,2,388.0951600074768,166.89941501617432,73.15316661198933,"{'tokens_exact': True, 'logits_max_abs': 0.0, 'kv_max_abs': 0.0}","{'tokens_exact': True, 'logits_max_abs': 0.0, 'kv_max_abs': 0.0}"
experiments/inferrelay_two_node/results/t3-13b-a-b-02,t3,opt-1.3b,A-B,4,256,4,C1,2,window2,3,388.51735067367554,167.72268390655518,73.00872294108073,"{'tokens_exact': True, 'logits_max_abs': 0.0, 'kv_max_abs': 0.0}","{'tokens_exact': True, 'logits_max_abs': 0.0, 'kv_max_abs': 0.0}"
experiments/inferrelay_two_node/results/t3-13b-a-b-02,t3,opt-1.3b,A-B,4,256,4,C1,3,window2,1,573.5102796554565,196.19184112548828,125.16770966847737,"{'tokens_exact': True, 'logits_max_abs': 0.0, 'kv_max_abs': 0.0}","{'tokens_exact': True, 'logits_max_abs': 0.0, 'kv_max_abs': 0.0}"
experiments/inferrelay_two_node/results/t3-13b-a-b-02,t3,opt-1.3b,A-B,4,256,4,C1,3,window2,2,573.5738658905029,197.92325687408447,124.58706553777058,"{'tokens_exact': True, 'logits_max_abs': 0.0, 'kv_max_abs': 0.0}","{'tokens_exact': True, 'logits_max_abs': 0.0, 'kv_max_abs': 0.0}"
experiments/inferrelay_two_node/results/t3-13b-a-b-02,t3,opt-1.3b,A-B,4,256,4,C1,3,window2,3,572.3053140640259,195.95564556121826,124.71167691548665,"{'tokens_exact': True, 'logits_max_abs': 0.0, 'kv_max_abs': 0.0}","{'tokens_exact': True, 'logits_max_abs': 0.0, 'kv_max_abs': 0.0}"
experiments/inferrelay_two_node/results/t3-13b-a-b-02,t3,opt-1.3b,A-B,4,256,4,R1,2,window2,1,406.76652240753174,197.45125102996826,68.9756031036377,"{'tokens_exact': True, 'logits_max_abs': 0.0, 'kv_max_abs': 0.0}","{'tokens_exact': True, 'logits_max_abs': 0.0, 'kv_max_abs': 0.0}"
experiments/inferrelay_two_node/results/t3-13b-a-b-02,t3,opt-1.3b,A-B,4,256,4,R1,2,window2,2,403.58569622039795,196.64231872558594,68.35996786753337,"{'tokens_exact': True, 'logits_max_abs': 0.0, 'kv_max_abs': 0.0}","{'tokens_exact': True, 'logits_max_abs': 0.0, 'kv_max_abs': 0.0}"
experiments/inferrelay_two_node/results/t3-13b-a-b-02,t3,opt-1.3b,A-B,4,256,4,R1,2,window2,3,403.9830689430237,197.07347774505615,68.43986638387044,"{'tokens_exact': True, 'logits_max_abs': 0.0, 'kv_max_abs': 0.0}","{'tokens_exact': True, 'logits_max_abs': 0.0, 'kv_max_abs': 0.0}"
