run,direction,case,model,batch,q,hidden,mode,bytes,n,correct,sender_setup_ms,receiver_setup_ms,first_transfer_e2e_ms,sender_background_alone_cuda_p50_ms,receiver_background_alone_cuda_p50_ms,e2e_ack_ms_p50,e2e_ack_ms_p95,d2h_cuda_ms_p50,d2h_cuda_ms_p95,d2h_host_ms_p50,d2h_host_ms_p95,h2d_cuda_ms_p50,h2d_cuda_ms_p95,h2d_host_ms_p50,h2d_host_ms_p95,network_host_ack_residual_ms_p50,network_host_ack_residual_ms_p95,sender_background_jobs,receiver_background_jobs,sender_background_slowdown,receiver_background_slowdown,samples_with_d2h_gpu_overlap,samples_with_h2d_gpu_overlap,e2e_slowdown_vs_gpu,d2h_slowdown_vs_gpu,h2d_slowdown_vs_gpu
experiments/inferrelay_two_node/results/t1-125m-a-b-01,A-B,0,opt-125m,1,1,768,cpu,1536,20,True,1.639862060546875,6.488894939422607,0.31360721588134766,,,0.154649019241333,0.21738317012786873,0.0,0.0,0.0,0.0,0.0,0.0,0.0,0.0,0.154649019241333,0.21738317012786873,0,0,,,0,0,,,
experiments/inferrelay_two_node/results/t1-125m-a-b-01,A-B,1,opt-125m,1,1,768,gpu,1536,20,True,0.23102951049804688,0.23985910415649414,0.3044247627258301,,,0.15352129936218262,0.1576766014099121,0.006688000168651342,0.007049599825404585,0.021411418914794922,0.02562265396118164,0.007151999976485968,0.007391999941319227,0.022888660430908203,0.023553335666656496,0.10891830921173096,0.1110103964805603,0,0,,,0,0,1.0,1.0,1.0
experiments/inferrelay_two_node/results/t1-125m-a-b-01,A-B,2,opt-125m,1,1,768,gpu_h2d,1536,20,True,154.72479724884033,146.8647961616516,0.8361415863037109,1.1198559999465942,0.601311981678009,0.7806816101074219,0.8583807706832886,0.009215999860316515,0.01521440022625029,0.02942800521850586,0.13446412086486817,0.0013760000001639128,0.0015376000490505248,0.4685249328613281,0.5680795311927795,0.26824915409088135,0.3589643120765686,20,40,1.0088725470732325,1.0151402495217003,0,0,5.08516807342584,1.3779903749875282,0.19239373667335924
experiments/inferrelay_two_node/results/t1-125m-a-b-01,A-B,3,opt-125m,1,1,768,gpu_compute,1536,20,True,16.187407970428467,16.10138726234436,0.42643117904663086,0.11960000172257423,0.12150400131940842,0.3286764621734619,0.5037267446517945,0.03590399958193302,0.03737600091844797,0.05649876594543457,0.10729670524597171,0.025776000693440437,0.049815999716520315,0.10502970218658447,0.1195232391357422,0.16963982582092285,0.2623486518859864,44,41,1.1388628414476913,1.3579141661287402,20,20,2.1409176677045885,5.368420854746058,3.6040269544443015
experiments/inferrelay_two_node/results/t1-125m-a-b-01,A-B,4,opt-125m,1,32,768,cpu,49152,20,True,0.36667585372924805,0.3122410774230957,0.8699798583984375,,,0.2692420482635498,0.29358279705047613,0.0,0.0,0.0,0.0,0.0,0.0,0.0,0.0,0.2692420482635498,0.29358279705047613,0,0,,,0,0,,,
experiments/inferrelay_two_node/results/t1-125m-a-b-01,A-B,5,opt-125m,1,32,768,gpu,49152,20,True,0.343595027923584,0.33809328079223633,0.5854339599609375,,,0.3296222686767578,0.33719027042388916,0.006704000057652593,0.007847999851219357,0.02178668975830078,0.023120546340942388,0.006912000011652708,0.008707199851050975,0.023081660270690918,0.027400803565979005,0.2842140197753906,0.29104056358337405,0,0,,,0,0,1.0,1.0,1.0
experiments/inferrelay_two_node/results/t1-125m-a-b-01,A-B,6,opt-125m,1,32,768,gpu_h2d,49152,20,True,26.8344669342041,14.853826999664307,0.8748846054077148,1.119327962398529,0.6015200018882751,0.7378075122833252,0.754756236076355,0.008191999979317188,0.015428800089284777,0.026944875717163086,0.12463517189025879,0.0033599999733269215,0.0033919999841600657,0.4023505449295044,0.4168431758880615,0.30729997158050537,0.4069226264953614,20,21,1.0097344366032068,1.01673095794014,0,0,2.2383424373759526,1.2219570269791464,0.48611110643264044
experiments/inferrelay_two_node/results/t1-125m-a-b-01,A-B,7,opt-125m,1,32,768,gpu_compute,49152,20,True,11.912847995758057,11.765019178390503,0.8498921394348145,0.12908799946308136,0.13196799904108047,0.42018818855285645,0.4646695852279665,0.0350399985909462,0.038691199757158755,0.054393768310546875,0.05784151554107666,0.013311999849975109,0.05644640009850276,0.03625297546386719,0.09565564393997206,0.3067399263381958,0.33986243009567263,61,51,1.0984134848306275,1.1762851486624235,19,20,1.2747566790304194,5.226730055133004,1.9259259009740823
experiments/inferrelay_two_node/results/t1-125m-a-b-01,A-B,8,opt-125m,1,128,768,cpu,196608,20,True,0.49313879013061523,0.5850422382354736,0.8916788101196289,,,0.7710773944854736,0.8683714389801025,0.0,0.0,0.0,0.0,0.0,0.0,0.0,0.0,0.7710773944854736,0.8683714389801025,0,0,,,0,0,,,
experiments/inferrelay_two_node/results/t1-125m-a-b-01,A-B,9,opt-125m,1,128,768,gpu,196608,20,True,0.4894828796386719,0.5862698554992676,0.9862957000732422,,,0.8542635440826416,0.8910467863082886,0.017455999739468098,0.01991040064021945,0.034067392349243164,0.0456387996673584,0.009839999955147505,0.011297600297257303,0.027505993843078613,0.029228794574737548,0.7934561967849731,0.8179476380348205,0,0,,,0,0,1.0,1.0,1.0
experiments/inferrelay_two_node/results/t1-125m-a-b-01,A-B,10,opt-125m,1,128,768,gpu_h2d,196608,20,True,27.012619972229004,15.109358072280884,1.691338062286377,1.1195679903030396,0.601535975933075,1.311584711074829,1.3834629297256469,0.020464000292122364,0.02393919974565506,0.05997109413146973,0.1430832624435425,0.009375999681651592,0.009440000168979168,0.3938513994216919,0.4653322458267212,0.8728493452072144,0.953842282295227,40,60,1.010675531167849,1.0061177065345872,0,0,1.5353396737575706,1.1723190076505996,0.9528455004460458
experiments/inferrelay_two_node/results/t1-125m-a-b-01,A-B,11,opt-125m,1,128,768,gpu_compute,196608,20,True,5.725337982177734,5.804983854293823,1.2360115051269531,0.1717280000448227,0.17559999972581863,0.9209117889404297,1.026297378540039,0.03920000046491623,0.04254399947822094,0.058145999908447266,0.1051684379577637,0.014431999996304512,0.03635360077023506,0.052910447120666504,0.05866570472717285,0.8106304407119751,0.8883460640907288,101,98,1.001770233097901,1.081366747065899,20,19,1.0780183648470671,2.245646256300339,1.4666666729764402
experiments/inferrelay_two_node/results/t1-125m-a-b-01,A-B,12,opt-125m,1,256,768,cpu,393216,20,True,0.6256213188171387,0.7097089290618896,1.5246152877807617,,,1.4822471141815186,1.6486043691635133,0.0,0.0,0.0,0.0,0.0,0.0,0.0,0.0,1.4822471141815186,1.6486043691635133,0,0,,,0,0,,,
experiments/inferrelay_two_node/results/t1-125m-a-b-01,A-B,13,opt-125m,1,256,768,gpu,393216,20,True,0.7367215156555176,0.7467350959777832,1.7144370079040527,,,1.586439609527588,1.6165805339813233,0.032975999638438225,0.03465919941663742,0.05918765068054199,0.06525020599365235,0.019840000197291374,0.021380800474435097,0.037106990814208984,0.041550934314727804,1.4898780584335327,1.51176460981369,0,0,,,0,0,1.0,1.0,1.0
experiments/inferrelay_two_node/results/t1-125m-a-b-01,A-B,14,opt-125m,1,256,768,gpu_h2d,393216,20,True,27.276724338531494,15.215054035186768,2.290281295776367,1.1207520365715027,0.6015040278434753,2.0143706798553467,2.0830966949462892,0.04209599830210209,0.14571200162172318,0.0908205509185791,0.18640003204345704,0.01692800037562847,0.01708959974348545,0.3598663806915283,0.476458466053009,1.4982988834381104,1.614130401611328,40,80,1.0069810300950923,1.0091237601152567,8,0,1.2697430571940829,1.2765647368892254,0.8532258168999182
experiments/inferrelay_two_node/results/t1-125m-a-b-01,A-B,15,opt-125m,1,256,768,gpu_compute,393216,20,True,6.780806064605713,6.608982801437378,1.8829288482666016,0.20414400100708008,0.1977439969778061,1.6919522285461426,1.7155128240585327,0.0395359992980957,0.04548319987952711,0.10861420631408691,0.12001297473907471,0.022463999688625336,0.033191999420523643,0.043985605239868164,0.059592247009277344,1.5386803150177002,1.5629429578781129,146,160,0.9995297401318786,1.031879619076326,17,20,1.0665090674645814,1.1989325488714182,1.1322580375625297
experiments/inferrelay_two_node/results/t1-125m-a-b-01,A-B,16,opt-125m,4,1,768,cpu,6144,20,True,0.2605719566345215,0.24888396263122559,0.2543177604675293,,,0.10896730422973633,0.12676560878753662,0.0,0.0,0.0,0.0,0.0,0.0,0.0,0.0,0.10896730422973633,0.12676560878753662,0,0,,,0,0,,,
experiments/inferrelay_two_node/results/t1-125m-a-b-01,A-B,17,opt-125m,4,1,768,gpu,6144,20,True,0.2631087303161621,0.2809598445892334,0.6155686378479004,,,0.1685338020324707,0.17153890132904054,0.006399999838322401,0.007008000020869077,0.020833969116210938,0.022355055809020995,0.006912000011652708,0.007393599953502417,0.0223008394241333,0.023105478286743163,0.12484455108642578,0.12740107774734497,0,0,,,0,0,1.0,1.0,1.0
experiments/inferrelay_two_node/results/t1-125m-a-b-01,A-B,18,opt-125m,4,1,768,gpu_h2d,6144,20,True,27.43168306350708,15.482476949691772,0.5128622055053711,1.1198400259017944,0.6015679836273193,0.8395826816558838,0.883287787437439,0.008975999895483255,0.04065279942005877,0.03712582588195801,0.18195617198944092,0.0016959999920800328,0.0017296000034548343,0.5509350299835205,0.6305252313613892,0.24415087699890137,0.34711953401565554,20,39,1.0093013028988282,1.0162243045325325,5,0,4.981687183999592,1.4025000190993893,0.24537036881088015
experiments/inferrelay_two_node/results/t1-125m-a-b-01,A-B,19,opt-125m,4,1,768,gpu_compute,6144,20,True,4.834228992462158,4.7464399337768555,1.0331954956054688,0.12435200065374374,0.12353600189089775,0.2535686492919922,0.3716315507888794,0.033983999863266945,0.03901759926229717,0.05276346206665039,0.060682153701782246,0.012463999912142754,0.02698880061507227,0.03533482551574707,0.10938163995742797,0.15432167053222656,0.23491829633712769,43,40,1.0684508308237333,1.165522561849917,20,20,1.5045566303852693,5.310000112777346,1.8032407249898894
experiments/inferrelay_two_node/results/t1-125m-a-b-01,A-B,20,opt-125m,4,32,768,cpu,196608,20,True,0.47810792922973633,0.4936959743499756,0.885383129119873,,,0.7727756500244141,0.8616844177246094,0.0,0.0,0.0,0.0,0.0,0.0,0.0,0.0,0.7727756500244141,0.8616844177246094,0,0,,,0,0,,,
experiments/inferrelay_two_node/results/t1-125m-a-b-01,A-B,21,opt-125m,4,32,768,gpu,196608,20,True,0.5422544479370117,0.5111591815948486,0.9772987365722656,,,0.8656933307647705,0.9720928192138673,0.018751999363303185,0.02415679953992367,0.0385282039642334,0.05882308483123779,0.009743999689817429,0.010969600407406688,0.027181506156921387,0.027859723567962645,0.8004786968231201,0.8894926190376282,0,0,,,0,0,1.0,1.0,1.0
experiments/inferrelay_two_node/results/t1-125m-a-b-01,A-B,22,opt-125m,4,32,768,gpu_h2d,196608,20,True,27.268970012664795,15.024344205856323,1.3087778091430664,1.120959997177124,0.6014240086078644,1.391103982925415,1.4146751642227173,0.033375998958945274,0.13699679970741271,0.14667177200317383,0.1688394784927368,0.009375999681651592,0.009472000412642956,0.3461461067199707,0.5470826745033264,0.8868544101715088,0.9364301204681397,37,60,1.0093063132982973,1.0102423430687169,9,0,1.6069246850919903,1.7798634861443412,0.9622331670894448
experiments/inferrelay_two_node/results/t1-125m-a-b-01,A-B,23,opt-125m,4,32,768,gpu_compute,196608,20,True,6.144144058227539,6.078187942504883,1.1080513000488281,0.18247999995946884,0.18327999860048294,0.9159655570983887,0.9612330436706543,0.03948800079524517,0.04373920038342476,0.056716203689575195,0.06200952529907227,0.01896000001579523,0.031873599067330366,0.04332137107849121,0.08993088006973267,0.8172568082809448,0.8392354369163513,90,80,1.0329680025572379,1.0886075995678761,11,20,1.0580716340845628,2.1058021616895637,1.945812871444219
experiments/inferrelay_two_node/results/t1-125m-a-b-01,A-B,24,opt-125m,4,128,768,cpu,786432,20,True,0.8879361152648926,1.1227390766143799,2.8954591751098633,,,2.795666456222534,3.0957468032836912,0.0,0.0,0.0,0.0,0.0,0.0,0.0,0.0,2.795666456222534,3.0957468032836912,0,0,,,0,0,,,
experiments/inferrelay_two_node/results/t1-125m-a-b-01,A-B,25,opt-125m,4,128,768,gpu,786432,20,True,0.9957213401794434,1.091482162475586,3.1172890663146973,,,3.0045197010040283,3.1313809394836425,0.06268800050020218,0.07707039751112461,0.08615469932556152,0.119533109664917,0.03456000052392483,0.03833119831979275,0.05435001850128174,0.06457695960998536,2.8407771587371826,2.9661343455314637,0,0,,,0,0,1.0,1.0,1.0
experiments/inferrelay_two_node/results/t1-125m-a-b-01,A-B,26,opt-125m,4,128,768,gpu_h2d,786432,20,True,27.550574779510498,15.553443193435669,3.416666030883789,1.1202239990234375,0.6012320220470428,3.197924852371216,3.28512933254242,0.0732639990746975,0.1545775957405567,0.12833261489868164,0.18420777320861817,0.032287999987602234,0.06313920076936527,0.18268251419067383,0.2402075648307804,2.911317825317383,2.9250246047973634,61,121,1.0047705041544643,1.001729701681853,4,1,1.0643714039560321,1.1687085006716909,0.9342592447372865
experiments/inferrelay_two_node/results/t1-125m-a-b-01,A-B,27,opt-125m,4,128,768,gpu_compute,786432,20,True,10.951810836791992,10.58116602897644,3.1155242919921875,0.3725440055131912,0.36985599994659424,3.0932650566101074,3.175308871269226,0.07092799991369247,0.08614240288734441,0.1370997428894043,0.19229884147644044,0.03892800025641918,0.04773760046809912,0.06584453582763672,0.10473340749740602,2.8794379234313965,2.9254778623580933,160,160,1.0000429182746853,1.0067485835162189,20,20,1.02953728530268,1.1314446041944457,1.1263888792325256
experiments/inferrelay_two_node/results/t1-125m-a-b-01,A-B,28,opt-125m,4,256,768,cpu,1572864,20,True,2.3092808723449707,2.434494972229004,5.55956506729126,,,5.457692384719849,5.481361246109008,0.0,0.0,0.0,0.0,0.0,0.0,0.0,0.0,5.457692384719849,5.481361246109008,0,0,,,0,0,,,
experiments/inferrelay_two_node/results/t1-125m-a-b-01,A-B,29,opt-125m,4,256,768,gpu,1572864,20,True,1.867445468902588,1.8970699310302734,5.928421974182129,,,5.806677341461182,5.859342503547668,0.12108799815177917,0.12644800171256065,0.14882826805114746,0.16537246704101563,0.06505600363016129,0.06611679680645466,0.08680343627929688,0.08931063413619995,5.5711668729782104,5.606488883495331,0,0,,,0,0,1.0,1.0,1.0
experiments/inferrelay_two_node/results/t1-125m-a-b-01,A-B,30,opt-125m,4,256,768,gpu_h2d,1572864,20,True,28.24654483795166,16.06728720664978,5.979852199554443,1.1204639673233032,0.6013439893722534,5.905946969985962,6.428705406188965,0.1337599977850914,0.2412464000284672,0.1700890064239502,0.2723820686340332,0.06236799992620945,0.6650592118501664,0.14451909065246582,0.7110704183578491,5.565817952156067,5.588976240158081,108,207,1.0083965723221493,1.001809319133406,15,6,1.017095771417497,1.1046511613597605,0.9586816964775005
experiments/inferrelay_two_node/results/t1-125m-a-b-01,A-B,31,opt-125m,4,256,768,gpu_compute,1572864,20,True,16.736992835998535,16.532545804977417,5.832458019256592,0.601503998041153,0.6008639931678772,5.802457094192505,5.873619341850281,0.11948800086975098,0.13081920072436334,0.14395546913146973,0.18368535041809084,0.06719999760389328,0.07029599808156492,0.0939340591430664,0.10183497667312623,5.5612404346466064,5.59150185585022,189,198,1.0031920230390488,1.0005325952984998,19,20,0.9992732078914488,0.9867864915891774,1.03295612786055
experiments/inferrelay_two_node/results/t1-125m-b-a-01,B-A,0,opt-125m,1,1,768,cpu,1536,20,True,1.609117031097412,6.455337047576904,0.2591240406036377,,,0.16110289096832275,0.1899631977081299,0.0,0.0,0.0,0.0,0.0,0.0,0.0,0.0,0.16110289096832275,0.1899631977081299,0,0,,,0,0,,,
experiments/inferrelay_two_node/results/t1-125m-b-a-01,B-A,1,opt-125m,1,1,768,gpu,1536,20,True,0.2623720169067383,0.26035308837890625,0.5653660297393799,,,0.16826200485229492,0.1827529788017273,0.008736000396311283,0.010904000047594314,0.02781200408935547,0.0305980682373047,0.007007999811321497,0.009003199590370058,0.02288985252380371,0.026914095878601076,0.11598217487335205,0.13179588317871094,0,0,,,0,0,1.0,1.0,1.0
experiments/inferrelay_two_node/results/t1-125m-b-a-01,B-A,2,opt-125m,1,1,768,gpu_h2d,1536,20,True,145.89421272277832,157.77204751968384,0.46225810050964355,0.6014240086078644,1.1200799942016602,1.3331116437911987,1.4227800488471984,0.022288000211119652,0.11790720336139202,0.049210429191589355,0.15920581817626953,0.001424000016413629,0.0016207999608013782,0.9299278259277344,1.109022068977356,0.27569031715393066,0.44289397001266484,43,37,1.0162015785482588,1.0089279252508963,3,1,7.922832281485302,2.551281959709,0.2031963548448078
experiments/inferrelay_two_node/results/t1-125m-b-a-01,B-A,3,opt-125m,1,1,768,gpu_compute,1536,20,True,16.39426016807556,15.912437915802002,0.5129938125610352,0.12113599851727486,0.12031999975442886,0.3304109573364258,0.35561982393264774,0.03572800010442734,0.04005119930952787,0.05511295795440674,0.06018602848052979,0.05035199970006943,0.06994720064103604,0.11632370948791504,0.12819056510925292,0.15892517566680908,0.17989747524261476,42,39,1.1021000979881508,1.4085105916579628,19,20,1.9636694429409047,4.089743416164821,7.18493165749309
experiments/inferrelay_two_node/results/t1-125m-b-a-01,B-A,4,opt-125m,1,32,768,cpu,49152,20,True,0.3333108425140381,0.31443166732788086,0.7242720127105713,,,0.27130746841430664,0.2994421601295471,0.0,0.0,0.0,0.0,0.0,0.0,0.0,0.0,0.27130746841430664,0.2994421601295471,0,0,,,0,0,,,
experiments/inferrelay_two_node/results/t1-125m-b-a-01,B-A,5,opt-125m,1,32,768,gpu,49152,20,True,0.3314859867095947,0.34662771224975586,0.5083699226379395,,,0.3330279588699341,0.34453431367874143,0.006496000103652477,0.00704639982432127,0.02159881591796875,0.02406364679336548,0.00825599953532219,0.008737600361928343,0.024445295333862305,0.02845888137817383,0.2867136001586914,0.29630279541015625,0,0,,,0,0,1.0,1.0,1.0
experiments/inferrelay_two_node/results/t1-125m-b-a-01,B-A,6,opt-125m,1,32,768,gpu_h2d,49152,20,True,14.934930086135864,26.792017936706543,1.3785500526428223,0.6014560163021088,1.1193439960479736,1.2711292505264282,1.3185068011283874,0.020672000013291836,0.03312640087679036,0.04271245002746582,0.14222352504730226,0.005311999935656786,0.005411200202070176,0.891343355178833,0.9390798807144165,0.33192527294158936,0.41922339200973513,40,26,1.0162006667983052,1.0108491845033376,1,0,3.8168844887370996,3.182265961121011,0.6434108811331813
experiments/inferrelay_two_node/results/t1-125m-b-a-01,B-A,7,opt-125m,1,32,768,gpu_compute,49152,20,True,12.703660249710083,12.257000923156738,0.7742562294006348,0.1297440007328987,0.1343040019273758,0.44790709018707275,0.4771396040916443,0.05459200032055378,0.06592960208654404,0.0828249454498291,0.10161770582199096,0.01166400033980608,0.014676799857988953,0.03419756889343262,0.037914490699768065,0.32952582836151123,0.34370772838592534,40,55,1.789739774646124,1.1412914184184626,15,20,1.3449534138423656,8.403940801949584,1.412790818350124
experiments/inferrelay_two_node/results/t1-125m-b-a-01,B-A,8,opt-125m,1,128,768,cpu,196608,20,True,0.5129621028900146,0.5547027587890625,0.9047048091888428,,,0.8061220645904541,0.8706719040870666,0.0,0.0,0.0,0.0,0.0,0.0,0.0,0.0,0.8061220645904541,0.8706719040870666,0,0,,,0,0,,,
experiments/inferrelay_two_node/results/t1-125m-b-a-01,B-A,9,opt-125m,1,128,768,gpu,196608,20,True,0.5307462215423584,0.5611710548400879,1.0391058921813965,,,0.8930009603500366,0.9347650051116944,0.012576000299304724,0.01989280041307211,0.035027503967285156,0.05569733381271363,0.018383999355137348,0.026916800066828728,0.03596353530883789,0.06590714454650878,0.8126112222671509,0.8435513973236084,0,0,,,0,0,1.0,1.0,1.0
experiments/inferrelay_two_node/results/t1-125m-b-a-01,B-A,10,opt-125m,1,128,768,gpu_h2d,196608,20,True,15.201771974563599,27.060518264770508,1.4207971096038818,0.601535975933075,1.1193440556526184,1.3129910230636597,1.3917818784713745,0.025615999475121498,0.058862398564815524,0.13888609409332275,0.14777084589004516,0.016736000776290894,0.016835199669003487,0.28508782386779785,0.37740819454193114,0.8937664031982422,0.9287977337837219,41,40,1.016118747943317,1.0118354733734065,0,0,1.4703131142759311,2.0368955840862775,0.9103569061872314
experiments/inferrelay_two_node/results/t1-125m-b-a-01,B-A,11,opt-125m,1,128,768,gpu_compute,196608,20,True,5.627201080322266,5.783631324768066,1.1817498207092285,0.166703999042511,0.17447999864816666,0.9246755838394165,1.0778915047645579,0.03513599932193756,0.04439200181514031,0.05428898334503174,0.06501854658126838,0.026511999778449535,0.037443199381232264,0.059575557708740234,0.07191948890686035,0.808224081993103,0.8979454159736644,108,105,1.0315769215779729,1.0888582945933458,20,20,1.0354698649786045,2.793893009360066,1.4421236242613795
experiments/inferrelay_two_node/results/t1-125m-b-a-01,B-A,12,opt-125m,1,256,768,cpu,393216,20,True,0.6224849224090576,0.6048989295959473,1.5217320919036865,,,1.4711074829101562,1.4840873956680298,0.0,0.0,0.0,0.0,0.0,0.0,0.0,0.0,1.4711074829101562,1.4840873956680298,0,0,,,0,0,,,
experiments/inferrelay_two_node/results/t1-125m-b-a-01,B-A,13,opt-125m,1,256,768,gpu,393216,20,True,0.6532399654388428,0.7016129493713379,1.7504119873046875,,,1.604172945022583,1.6298487901687622,0.021455999463796616,0.025180799420922995,0.05235159397125244,0.062252366542816163,0.03283200040459633,0.034699199721217155,0.05188608169555664,0.05275483131408691,1.4988360404968262,1.5155678153038026,0,0,,,0,0,1.0,1.0,1.0
experiments/inferrelay_two_node/results/t1-125m-b-a-01,B-A,14,opt-125m,1,256,768,gpu_h2d,393216,20,True,15.265905141830444,27.203789234161377,2.512935161590576,0.6015839874744415,1.1193280220031738,2.3776731491088867,2.496176815032959,0.03284800052642822,0.13115520626306534,0.1442265510559082,0.1766172885894776,0.03182400017976761,0.032353600487113,0.6633150577545166,0.8484102487564087,1.5662124156951904,1.582305908203125,80,60,1.0014894126859122,1.0036307175467676,4,0,1.4821800582576306,1.5309471172318814,0.9692982391445266
experiments/inferrelay_two_node/results/t1-125m-b-a-01,B-A,15,opt-125m,1,256,768,gpu_compute,393216,20,True,6.741012096405029,6.737744331359863,1.6792325973510742,0.20337600260972977,0.20430400222539902,1.6308929920196533,1.7053701639175416,0.026928000152111053,0.04446719940751791,0.060685038566589355,0.12472679615020758,0.037775998935103416,0.05142400022596121,0.06349349021911621,0.10230460166931153,1.4953458309173584,1.5346659541130065,131,142,1.0098339852139446,1.0259221152786826,11,20,1.0166565874832743,1.2550335955007603,1.1505847487079999
experiments/inferrelay_two_node/results/t1-125m-b-a-01,B-A,16,opt-125m,4,1,768,cpu,6144,20,True,0.37506675720214844,0.25281763076782227,0.316054105758667,,,0.10889697074890137,0.11453995704650882,0.0,0.0,0.0,0.0,0.0,0.0,0.0,0.0,0.10889697074890137,0.11453995704650882,0,0,,,0,0,,,
experiments/inferrelay_two_node/results/t1-125m-b-a-01,B-A,17,opt-125m,4,1,768,gpu,6144,20,True,0.26502394676208496,0.2597060203552246,0.38295602798461914,,,0.1680821180343628,0.18118364810943613,0.006272000027820468,0.006577600119635463,0.02103257179260254,0.023013806343078615,0.006895999889820814,0.01002080026082696,0.022665023803710938,0.029598903656005898,0.1246790885925293,0.13014205694198613,0,0,,,0,0,1.0,1.0,1.0
experiments/inferrelay_two_node/results/t1-125m-b-a-01,B-A,18,opt-125m,4,1,768,gpu_h2d,6144,20,True,15.501002073287964,27.491851329803467,1.2165238857269287,0.6017760038375854,1.1196319460868835,1.3652653694152832,1.4398211359977722,0.022767999209463596,0.08785439841449263,0.09307241439819336,0.15009632110595705,0.001888000057078898,0.0019519999623298645,0.9521665573120117,1.0785715103149414,0.2810136079788208,0.3471762418746948,44,38,1.0026853369302244,1.0089600856715129,3,0,8.12260926612174,3.6301018986722675,0.2737819152035914
experiments/inferrelay_two_node/results/t1-125m-b-a-01,B-A,19,opt-125m,4,1,768,gpu_compute,6144,20,True,4.79072904586792,4.844333171844482,0.4924201965332031,0.12337600067257881,0.12463999912142754,0.3531498908996582,0.44780825376510625,0.03627200052142143,0.03794240113347769,0.05541110038757324,0.1516819477081299,0.025968000292778015,0.030672000069171205,0.07739639282226562,0.10360424518585205,0.2122948169708252,0.26646325588226316,47,41,1.0997276959431699,1.3807445469732837,19,20,2.101055692476817,5.783163322788763,3.7656613555213916
experiments/inferrelay_two_node/results/t1-125m-b-a-01,B-A,20,opt-125m,4,32,768,cpu,196608,20,True,0.4952671527862549,0.49677610397338867,0.9213540554046631,,,0.8117880821228027,0.8553452134132385,0.0,0.0,0.0,0.0,0.0,0.0,0.0,0.0,0.8117880821228027,0.8553452134132385,0,0,,,0,0,,,
experiments/inferrelay_two_node/results/t1-125m-b-a-01,B-A,21,opt-125m,4,32,768,gpu,196608,20,True,0.5522820949554443,0.525947093963623,1.0633621215820312,,,0.9082114696502686,0.960677444934845,0.013712000101804733,0.01992160063236952,0.036673545837402344,0.05587577819824219,0.017376000061631203,0.027763200271874674,0.035532236099243164,0.08017578125000002,0.8183754682540894,0.8763278841972351,0,0,,,0,0,1.0,1.0,1.0
experiments/inferrelay_two_node/results/t1-125m-b-a-01,B-A,22,opt-125m,4,32,768,gpu_h2d,196608,20,True,15.131394863128662,27.017475605010986,1.3114371299743652,0.6013759970664978,1.119920015335083,1.2803359031677246,1.3337766528129578,0.024303999729454517,0.035201600939035495,0.1370476484298706,0.1553988575935364,0.016751999966800213,0.01692960038781166,0.250624418258667,0.3109166860580445,0.8986184597015381,0.9341788768768311,40,40,1.0125578638602932,1.0111436180687354,1,0,1.4097332460035465,1.7724620441226293,0.9640883924598461
experiments/inferrelay_two_node/results/t1-125m-b-a-01,B-A,23,opt-125m,4,32,768,gpu_compute,196608,20,True,6.119194030761719,6.136279582977295,1.0786769390106201,0.18307199329137802,0.18132799863815308,0.9993385076522827,1.1220528483390808,0.024927999824285507,0.030945600103586938,0.09655237197875977,0.10334953069686893,0.021680000238120556,0.026979200448840855,0.04310941696166992,0.06741619110107422,0.8601247072219849,0.9236743807792663,101,99,0.9886384257994433,1.1084443913392341,20,20,1.1003368059611767,1.8179696352981034,1.2476979834958235
experiments/inferrelay_two_node/results/t1-125m-b-a-01,B-A,24,opt-125m,4,128,768,cpu,786432,20,True,0.9096460342407227,0.9802718162536621,2.8656020164489746,,,2.8580750226974487,2.910274314880371,0.0,0.0,0.0,0.0,0.0,0.0,0.0,0.0,2.8580750226974487,2.910274314880371,0,0,,,0,0,,,
experiments/inferrelay_two_node/results/t1-125m-b-a-01,B-A,25,opt-125m,4,128,768,gpu,786432,20,True,0.9807159900665283,0.9749226570129395,3.0754921436309814,,,3.0170843601226807,3.0990940809249876,0.038416000083088875,0.041897598654031754,0.07267892360687256,0.08813868761062622,0.06398400291800499,0.07355519980192185,0.08384895324707031,0.11615419387817384,2.8562079668045044,2.8974632263183593,0,0,,,0,0,1.0,1.0,1.0
experiments/inferrelay_two_node/results/t1-125m-b-a-01,B-A,26,opt-125m,4,128,768,gpu_h2d,786432,20,True,15.522020816802979,27.507800102233887,3.718935012817383,0.601472020149231,1.1191200017929077,3.655133366584778,3.761207139492035,0.047887999564409256,0.12813920229673387,0.1515951156616211,0.16575294733047485,0.06107199937105179,0.06211999990046024,0.5904264450073242,0.6980375528335573,2.919013738632202,2.938878428936005,121,80,1.0005851734006037,1.0060904728117455,4,0,1.2114786761998768,1.2465639176601848,0.9544885687960957
experiments/inferrelay_two_node/results/t1-125m-b-a-01,B-A,27,opt-125m,4,128,768,gpu_compute,786432,20,True,10.630640029907227,10.777358055114746,3.125566244125366,0.36952000856399536,0.3724000006914139,3.0658785104751587,3.1071998119354247,0.04267200082540512,0.05980960093438625,0.10660910606384277,0.11371555328369143,0.06756800040602684,0.07457440011203291,0.09260916709899902,0.10506858825683597,2.8652020692825317,2.9044055700302125,160,160,0.9982680102337005,1.007261034932059,20,20,1.016172617178823,1.1107871910951443,1.0560139616868722
experiments/inferrelay_two_node/results/t1-125m-b-a-01,B-A,28,opt-125m,4,256,768,cpu,1572864,20,True,2.229151964187622,2.3466691970825195,5.5671586990356445,,,5.530989050865173,5.544891381263733,0.0,0.0,0.0,0.0,0.0,0.0,0.0,0.0,5.530989050865173,5.544891381263733,0,0,,,0,0,,,
experiments/inferrelay_two_node/results/t1-125m-b-a-01,B-A,29,opt-125m,4,256,768,gpu,1572864,20,True,1.6936678886413574,1.9125380516052246,5.8322508335113525,,,5.860672354698181,5.903407323360443,0.06860800087451935,0.07520799674093724,0.09908759593963623,0.1272163510322571,0.12585600465536118,0.13323519378900528,0.15136241912841797,0.17642102241516114,5.602079510688782,5.621605110168457,0,0,,,0,0,1.0,1.0,1.0
experiments/inferrelay_two_node/results/t1-125m-b-a-01,B-A,30,opt-125m,4,256,768,gpu_h2d,1572864,20,True,16.295597076416016,28.283257007598877,6.09243106842041,0.6012160181999207,1.1196799874305725,5.987720489501953,6.214724349975587,0.07524799928069115,0.08004160299897198,0.10065615177154541,0.1718838930130005,0.1199519969522953,0.12170720249414443,0.3004136085510254,0.5284851789474492,5.575055122375488,5.612223958969117,201,121,1.0000532382592537,1.0054587374587525,2,0,1.0216780818163167,1.096781691953334,0.9530891853810777
experiments/inferrelay_two_node/results/t1-125m-b-a-01,B-A,31,opt-125m,4,256,768,gpu_compute,1572864,20,True,16.718899965286255,16.717949867248535,5.985576868057251,0.6004160046577454,0.6023519933223724,5.8781009912490845,5.941021096706391,0.06780800223350525,0.0747968029230833,0.13723158836364746,0.18630468845367432,0.1300159990787506,0.13737120255827903,0.16599512100219727,0.184700870513916,5.571570515632629,5.6220206141471865,198,186,0.9999200362065732,1.0066406489072428,15,20,1.0029738288537717,0.988339572195417,1.0330536030821968
