kind,layer,token,micro,start_ms,end_ms,duration_ms
weight_load,0,0,0,0.2194560021162033,0.22460800409317017,0.005152001976966858
weight_load,1,0,0,0.2804799973964691,0.2858879864215851,0.005407989025115967
compute,0,0,0,0.30687999725341797,0.38118401169776917,0.0743040144443512
weight_load,2,0,0,0.4034560024738312,0.4085119962692261,0.0050559937953948975
compute,1,0,0,0.4163520038127899,0.5701760053634644,0.15382400155067444
weight_load,3,0,0,0.6004160046577454,0.606112003326416,0.005695998668670654
compute,2,0,0,0.6136959791183472,0.7067199945449829,0.09302401542663574
weight_load,4,0,0,0.7226880192756653,0.7275199890136719,0.004831969738006592
compute,3,0,0,0.7345920205116272,0.8589760065078735,0.12438398599624634
weight_load,5,0,0,0.8893759846687317,0.8949440121650696,0.005568027496337891
compute,4,0,0,0.9032639861106873,0.988319993019104,0.08505600690841675
weight_load,6,0,0,1.0054399967193604,1.0107840299606323,0.005344033241271973
compute,5,0,0,1.018496036529541,1.14028799533844,0.12179195880889893
weight_load,7,0,0,1.168544054031372,1.1738239526748657,0.005279898643493652
compute,6,0,0,1.1812800168991089,1.2668479681015015,0.08556795120239258
weight_load,8,0,0,1.2827839851379395,1.2879999876022339,0.005216002464294434
compute,7,0,0,1.2950719594955444,1.4321600198745728,0.13708806037902832
weight_load,9,0,0,1.4604159593582153,1.4657599925994873,0.005344033241271973
compute,8,0,0,1.4731520414352417,1.5566400289535522,0.08348798751831055
weight_load,10,0,0,1.5729600191116333,1.5780479907989502,0.0050879716873168945
compute,9,0,0,1.5853760242462158,1.7209279537200928,0.13555192947387695
weight_load,11,0,0,1.7479360103607178,1.7537280321121216,0.005792021751403809
compute,10,0,0,1.7608319520950317,1.8433599472045898,0.0825279951095581
weight_load,12,0,0,1.8661760091781616,1.8714560270309448,0.005280017852783203
compute,11,0,0,1.8793599605560303,1.9883840084075928,0.1090240478515625
weight_load,13,0,0,2.0157759189605713,2.0212159156799316,0.0054399967193603516
compute,12,0,0,2.0284159183502197,2.1116480827331543,0.08323216438293457
weight_load,14,0,0,2.12774395942688,2.132672071456909,0.004928112030029297
compute,13,0,0,2.139967918395996,2.2480320930480957,0.10806417465209961
weight_load,15,0,0,2.2748160362243652,2.280895948410034,0.006079912185668945
compute,14,0,0,2.2880640029907227,2.372767925262451,0.08470392227172852
weight_load,16,0,0,2.3891520500183105,2.39353609085083,0.004384040832519531
compute,15,0,0,2.4009599685668945,2.5104639530181885,0.10950398445129395
weight_load,17,0,0,2.5377919673919678,2.5436480045318604,0.005856037139892578
compute,16,0,0,2.550816059112549,2.6349120140075684,0.08409595489501953
weight_load,18,0,0,2.650752067565918,2.6555519104003906,0.004799842834472656
compute,17,0,0,2.662976026535034,2.771519899368286,0.10854387283325195
weight_load,19,0,0,2.7995200157165527,2.804960012435913,0.0054399967193603516
compute,18,0,0,2.811743974685669,2.8960320949554443,0.08428812026977539
weight_load,20,0,0,2.911679983139038,2.9168639183044434,0.0051839351654052734
compute,19,0,0,2.9240639209747314,3.0298879146575928,0.10582399368286133
weight_load,21,0,0,3.0566399097442627,3.064863920211792,0.008224010467529297
compute,20,0,0,3.0719680786132812,3.165343999862671,0.09337592124938965
weight_load,22,0,0,3.1812798976898193,3.186367988586426,0.005088090896606445
compute,21,0,0,3.193376064300537,3.302880048751831,0.10950398445129395
weight_load,23,0,0,3.3307840824127197,3.33622407913208,0.0054399967193603516
compute,22,0,0,3.3434879779815674,3.426464080810547,0.08297610282897949
weight_load,24,0,0,3.4431040287017822,3.447968006134033,0.0048639774322509766
compute,23,0,0,3.455199956893921,3.5623040199279785,0.10710406303405762
weight_load,25,0,0,3.589632034301758,3.5951359272003174,0.00550389289855957
compute,24,0,0,3.602112054824829,3.68451189994812,0.08239984512329102
weight_load,0,1,0,3.700831890106201,3.7056961059570312,0.004864215850830078
compute,25,0,0,3.7132160663604736,3.979423999786377,0.2662079334259033
weight_load,1,1,0,4.036575794219971,4.04204797744751,0.0054721832275390625
compute,0,1,0,4.0764479637146,4.136767864227295,0.06031990051269531
weight_load,2,1,0,4.165440082550049,4.170815944671631,0.005375862121582031
compute,1,1,0,4.1848320960998535,4.306816101074219,0.12198400497436523
weight_load,3,1,0,4.335616111755371,4.341440200805664,0.005824089050292969
compute,2,1,0,4.356319904327393,4.414624214172363,0.0583043098449707
weight_load,4,1,0,4.44649600982666,4.451456069946289,0.004960060119628906
compute,3,1,0,4.465151786804199,4.568480014801025,0.10332822799682617
weight_load,5,1,0,4.595104217529297,4.600927829742432,0.005823612213134766
compute,4,1,0,4.615744113922119,4.671648025512695,0.05590391159057617
weight_load,6,1,0,4.694528102874756,4.699808120727539,0.005280017852783203
compute,5,1,0,4.71340799331665,4.812640190124512,0.09923219680786133
weight_load,7,1,0,4.839327812194824,4.844799995422363,0.0054721832275390625
compute,6,1,0,4.859488010406494,4.915711879730225,0.05622386932373047
weight_load,8,1,0,4.936800003051758,4.941567897796631,0.004767894744873047
compute,7,1,0,4.955296039581299,5.0529279708862305,0.09763193130493164
weight_load,9,1,0,5.084479808807373,5.089983940124512,0.005504131317138672
compute,8,1,0,5.107840061187744,5.164224147796631,0.05638408660888672
weight_load,10,1,0,5.184864044189453,5.189888000488281,0.005023956298828125
compute,9,1,0,5.202655792236328,5.2985920906066895,0.09593629837036133
weight_load,11,1,0,5.325439929962158,5.331039905548096,0.0055999755859375
compute,10,1,0,5.344736099243164,5.400735855102539,0.055999755859375
weight_load,12,1,0,5.41926383972168,5.423999786376953,0.0047359466552734375
compute,11,1,0,5.436863899230957,5.530975818634033,0.09411191940307617
weight_load,13,1,0,5.557184219360352,5.562496185302734,0.0053119659423828125
compute,12,1,0,5.5768961906433105,5.632160186767578,0.05526399612426758
weight_load,14,1,0,5.652224063873291,5.657055854797363,0.004831790924072266
compute,13,1,0,5.670559883117676,5.765088081359863,0.0945281982421875
weight_load,15,1,0,5.791584014892578,5.796832084655762,0.005248069763183594
compute,14,1,0,5.811071872711182,5.863584041595459,0.052512168884277344
weight_load,16,1,0,5.8856000900268555,5.890463829040527,0.004863739013671875
compute,15,1,0,5.903840065002441,5.998432159423828,0.09459209442138672
weight_load,17,1,0,6.025407791137695,6.030752182006836,0.005344390869140625
compute,16,1,0,6.045440196990967,6.100128173828125,0.0546879768371582
weight_load,18,1,0,6.139616012573242,6.14463996887207,0.005023956298828125
compute,17,1,0,6.157695770263672,6.253759860992432,0.09606409072875977
weight_load,19,1,0,6.280223846435547,6.285696029663086,0.0054721832275390625
compute,18,1,0,6.300096035003662,6.353055953979492,0.05295991897583008
weight_load,20,1,0,6.375040054321289,6.379936218261719,0.0048961639404296875
compute,19,1,0,6.393631935119629,6.489503860473633,0.0958719253540039
weight_load,21,1,0,6.515967845916748,6.521503925323486,0.005536079406738281
compute,20,1,0,6.535679817199707,6.58896017074585,0.05328035354614258
weight_load,22,1,0,6.608607769012451,6.613696098327637,0.005088329315185547
compute,21,1,0,6.626495838165283,6.721343994140625,0.0948481559753418
weight_load,23,1,0,6.747615814208984,6.7533440589904785,0.005728244781494141
compute,22,1,0,6.767615795135498,6.820000171661377,0.052384376525878906
weight_load,24,1,0,6.842432022094727,6.847328186035156,0.0048961639404296875
compute,23,1,0,6.861023902893066,6.956448078155518,0.09542417526245117
weight_load,25,1,0,6.982336044311523,6.987584114074707,0.005248069763183594
compute,24,1,0,7.000800132751465,7.05347204208374,0.05267190933227539
weight_load,0,2,0,7.07916784286499,7.084320068359375,0.005152225494384766
compute,25,1,0,7.107456207275391,7.3258562088012695,0.2184000015258789
weight_load,1,2,0,7.383552074432373,7.388768196105957,0.005216121673583984
compute,0,2,0,7.41923189163208,7.476384162902832,0.05715227127075195
weight_load,2,2,0,7.502975940704346,7.50816011428833,0.005184173583984375
compute,1,2,0,7.521791934967041,7.632959842681885,0.11116790771484375
weight_load,3,2,0,7.661632061004639,7.66758394241333,0.005951881408691406
compute,2,2,0,7.682432174682617,7.741600036621094,0.05916786193847656
weight_load,4,2,0,7.76643180847168,7.77180814743042,0.005376338958740234
compute,3,2,0,7.785439968109131,7.885216236114502,0.0997762680053711
weight_load,5,2,0,7.912288188934326,7.917727947235107,0.00543975830078125
compute,4,2,0,7.9318718910217285,7.985311985015869,0.053440093994140625
weight_load,6,2,0,8.008607864379883,8.013664245605469,0.0050563812255859375
compute,5,2,0,8.027199745178223,8.128928184509277,0.10172843933105469
weight_load,7,2,0,8.15561580657959,8.161055564880371,0.00543975830078125
compute,6,2,0,8.17529582977295,8.227999687194824,0.052703857421875
weight_load,8,2,0,8.250207901000977,8.255583763122559,0.005375862121582031
compute,7,2,0,8.26854419708252,8.366527557373047,0.09798336029052734
weight_load,9,2,0,8.392448425292969,8.397919654846191,0.005471229553222656
compute,8,2,0,8.412447929382324,8.466591835021973,0.05414390563964844
weight_load,10,2,0,8.48806381225586,8.493408203125,0.005344390869140625
compute,9,2,0,8.506848335266113,8.603679656982422,0.0968313217163086
weight_load,11,2,0,8.630816459655762,8.636128425598145,0.0053119659423828125
compute,10,2,0,8.650400161743164,8.7041597366333,0.05375957489013672
weight_load,12,2,0,8.725855827331543,8.730912208557129,0.0050563812255859375
compute,11,2,0,8.744447708129883,8.851424217224121,0.10697650909423828
weight_load,13,2,0,8.88038444519043,8.88595199584961,0.0055675506591796875
compute,12,2,0,8.900351524353027,8.954015731811523,0.053664207458496094
weight_load,14,2,0,8.97935962677002,8.984448432922363,0.00508880615234375
compute,13,2,0,8.997856140136719,9.102463722229004,0.10460758209228516
weight_load,15,2,0,9.130751609802246,9.136704444885254,0.0059528350830078125
compute,14,2,0,9.151519775390625,9.204928398132324,0.05340862274169922
weight_load,16,2,0,9.230879783630371,9.235967636108398,0.005087852478027344
compute,15,2,0,9.249792098999023,9.348959922790527,0.0991678237915039
weight_load,17,2,0,9.375743865966797,9.381535530090332,0.005791664123535156
compute,16,2,0,9.395968437194824,9.4486083984375,0.05263996124267578
weight_load,18,2,0,9.472607612609863,9.477472305297852,0.004864692687988281
compute,17,2,0,9.49084758758545,9.587679862976074,0.096832275390625
weight_load,19,2,0,9.61411190032959,9.619999885559082,0.0058879852294921875
compute,18,2,0,9.634176254272461,9.687199592590332,0.053023338317871094
weight_load,20,2,0,9.710047721862793,9.715295791625977,0.005248069763183594
compute,19,2,0,9.729120254516602,9.82585620880127,0.09673595428466797
weight_load,21,2,0,9.853407859802246,9.858976364135742,0.005568504333496094
compute,20,2,0,9.87337589263916,9.924991607666016,0.05161571502685547
weight_load,22,2,0,9.950048446655273,9.955167770385742,0.00511932373046875
compute,21,2,0,9.969023704528809,10.068639755249023,0.09961605072021484
weight_load,23,2,0,10.096896171569824,10.102463722229004,0.0055675506591796875
compute,22,2,0,10.117055892944336,10.169504165649414,0.052448272705078125
weight_load,24,2,0,10.194208145141602,10.199584007263184,0.005375862121582031
compute,23,2,0,10.212703704833984,10.311103820800781,0.09840011596679688
weight_load,25,2,0,10.343328475952148,10.348575592041016,0.0052471160888671875
compute,24,2,0,10.362079620361328,10.414239883422852,0.05216026306152344
weight_load,0,3,0,10.440159797668457,10.445280075073242,0.005120277404785156
compute,25,2,0,10.459168434143066,10.676383972167969,0.21721553802490234
weight_load,1,3,0,10.733375549316406,10.738911628723145,0.005536079406738281
compute,0,3,0,10.76915168762207,10.827424049377441,0.058272361755371094
weight_load,2,3,0,10.8536958694458,10.858976364135742,0.005280494689941406
compute,1,3,0,10.872639656066895,10.983903884887695,0.11126422882080078
weight_load,3,3,0,11.00556755065918,11.011136054992676,0.005568504333496094
compute,2,3,0,11.026464462280273,11.080863952636719,0.05439949035644531
weight_load,4,3,0,11.097760200500488,11.102527618408203,0.004767417907714844
compute,3,3,0,11.116703987121582,11.220767974853516,0.1040639877319336
weight_load,5,3,0,11.24118423461914,11.246720314025879,0.005536079406738281
compute,4,3,0,11.26137638092041,11.314335823059082,0.052959442138671875
weight_load,6,3,0,11.330431938171387,11.335391998291016,0.004960060119628906
compute,5,3,0,11.348799705505371,11.445664405822754,0.09686470031738281
weight_load,7,3,0,11.465855598449707,11.471232414245605,0.0053768157958984375
compute,6,3,0,11.485631942749023,11.537568092346191,0.05193614959716797
weight_load,8,3,0,11.553728103637695,11.558688163757324,0.004960060119628906
compute,7,3,0,11.572511672973633,11.668671607971191,0.0961599349975586
weight_load,9,3,0,11.68934440612793,11.69484806060791,0.005503654479980469
compute,8,3,0,11.71014404296875,11.762847900390625,0.052703857421875
weight_load,10,3,0,11.779232025146484,11.784095764160156,0.004863739013671875
compute,9,3,0,11.797568321228027,11.893343925476074,0.09577560424804688
weight_load,11,3,0,11.913439750671387,11.918848037719727,0.005408287048339844
compute,10,3,0,11.933664321899414,11.985055923461914,0.0513916015625
weight_load,12,3,0,12.000703811645508,12.00556755065918,0.004863739013671875
compute,11,3,0,12.019359588623047,12.118847846984863,0.0994882583618164
weight_load,13,3,0,12.139552116394043,12.145248413085938,0.005696296691894531
compute,12,3,0,12.160608291625977,12.212384223937988,0.05177593231201172
weight_load,14,3,0,12.228320121765137,12.233280181884766,0.004960060119628906
compute,13,3,0,12.247072219848633,12.343647956848145,0.09657573699951172
weight_load,15,3,0,12.384927749633789,12.390751838684082,0.005824089050292969
compute,14,3,0,12.40601634979248,12.459168434143066,0.05315208435058594
weight_load,16,3,0,12.475135803222656,12.480031967163086,0.0048961639404296875
compute,15,3,0,12.493375778198242,12.594976425170898,0.10160064697265625
weight_load,17,3,0,12.615424156188965,12.62112045288086,0.005696296691894531
compute,16,3,0,12.636256217956543,12.689567565917969,0.05331134796142578
weight_load,18,3,0,12.705183982849121,12.710399627685547,0.005215644836425781
compute,17,3,0,12.723967552185059,12.819647789001465,0.09568023681640625
weight_load,19,3,0,12.839712142944336,12.845312118530273,0.0055999755859375
compute,18,3,0,12.8603515625,12.912799835205078,0.052448272705078125
weight_load,20,3,0,12.928640365600586,12.933343887329102,0.004703521728515625
compute,19,3,0,12.94649600982666,13.044672012329102,0.0981760025024414
weight_load,21,3,0,13.06771183013916,13.073247909545898,0.005536079406738281
compute,20,3,0,13.088288307189941,13.140128135681152,0.05183982849121094
weight_load,22,3,0,13.156031608581543,13.161248207092285,0.0052165985107421875
compute,21,3,0,13.17465591430664,13.271424293518066,0.09676837921142578
weight_load,23,3,0,13.29263973236084,13.298463821411133,0.005824089050292969
compute,22,3,0,13.313376426696777,13.365407943725586,0.052031517028808594
weight_load,24,3,0,13.381216049194336,13.386015892028809,0.004799842834472656
compute,23,3,0,13.399264335632324,13.494848251342773,0.09558391571044922
weight_load,25,3,0,13.515616416931152,13.520895957946777,0.005279541015625
compute,24,3,0,13.534463882446289,13.587615966796875,0.05315208435058594
compute,25,3,0,13.598143577575684,13.813920021057129,0.2157764434814453
